patient,days,hlth_mean,imp_mean,pathology_delta
patient38,13.0,0.6427350427350428,0.6717948717948719,0.029059829059829068
patient17,13.0,0.7846153846153845,0.8170940170940171,0.032478632478632585
patient26,13.0,0.7367521367521368,0.6341880341880342,-0.10256410256410264
patient22,15.0,0.9162393162393162,0.905982905982906,-0.01025641025641022
patient27,17.0,0.7162393162393161,0.6666666666666667,-0.0495726495726494
patient5,19.0,0.5846153846153846,0.5401709401709403,-0.0444444444444444
patient40,19.0,0.7914529914529914,0.8871794871794872,0.09572649572649583
patient31,19.0,0.5914529914529915,0.6717948717948719,0.08034188034188039
patient16,19.0,0.4547008547008547,0.2358974358974358,-0.2188034188034189
patient33,20.0,0.7572649572649572,0.8307692307692307,0.07350427350427347
patient15,21.0,0.8085470085470086,0.9504273504273504,0.14188034188034182
patient46,23.0,0.8940170940170941,0.8598290598290598,-0.03418803418803429
patient4,23.0,0.7760683760683761,0.5931623931623932,-0.18290598290598292
patient20,24.0,0.8,0.9162393162393162,0.11623931623931616
patient12,25.0,0.8649572649572649,0.6837606837606838,-0.1811965811965811
patient29,26.0,0.8940170940170941,0.8923076923076924,-0.0017094017094017033
patient19,26.0,0.6598290598290599,0.7504273504273503,0.09059829059829039
patient41,26.0,0.7333333333333334,0.5982905982905983,-0.13504273504273512
patient44,27.0,0.7367521367521368,0.7760683760683761,0.03931623931623929
patient7,27.0,0.8051282051282052,0.8512820512820513,0.0461538461538461
patient25,28.0,0.8923076923076924,0.9094017094017094,0.017094017094017033
patient14,28.0,0.8017094017094017,0.8478632478632477,0.04615384615384599
patient1,29.0,0.7333333333333334,0.7692307692307692,0.03589743589743577
patient32,35.0,0.6564102564102565,0.6735042735042734,0.017094017094016922
patient42,36.0,0.7982905982905983,0.8427350427350427,0.0444444444444444
patient11,36.0,0.5025641025641026,0.6837606837606837,0.1811965811965811
patient24,37.0,0.6085470085470085,0.6102564102564103,0.0017094017094018144
patient21,37.0,0.5811965811965811,0.7863247863247864,0.2051282051282053
patient18,37.0,0.9333333333333332,0.935042735042735,0.0017094017094018144
patient9,40.0,0.7658119658119659,0.8017094017094017,0.03589743589743588
patient2,42.0,0.711111111111111,0.8085470085470086,0.09743589743589753
patient48,42.0,0.7606837606837606,0.717948717948718,-0.042735042735042694
patient37,50.0,0.588034188034188,0.5829059829059828,-0.005128205128205221
patient30,54.0,0.8495726495726496,0.7794871794871796,-0.07008547008546995
patient6,55.0,0.3658119658119658,0.411965811965812,0.04615384615384621
patient35,55.0,0.611965811965812,0.6547008547008547,0.042735042735042694
patient45,64.0,0.6888888888888889,0.6444444444444445,-0.0444444444444444
patient10,64.0,0.5948717948717949,0.6581196581196581,0.06324786324786325
patient8,65.0,0.841025641025641,0.8957264957264958,0.05470085470085473
patient28,70.0,0.8683760683760685,0.8735042735042736,0.00512820512820511
patient13,74.0,0.6478632478632479,0.8119658119658121,0.16410256410256419
patient39,78.0,0.7435897435897436,0.7726495726495727,0.029059829059829068
patient47,78.0,0.5726495726495726,0.7008547008547009,0.1282051282051283
patient23,79.0,0.6478632478632479,0.6581196581196582,0.010256410256410331
patient36,81.0,0.7145299145299147,0.6581196581196581,-0.05641025641025654
patient34,96.0,0.9128205128205128,0.9333333333333332,0.02051282051282044
patient43,156.0,0.5538461538461539,0.8034188034188035,0.24957264957264957
patient3,2308.0,0.635897435897436,0.6495726495726496,0.013675213675213627
