participant,n_train_windows,n_calib_windows,n_eval_windows,acc_no_cal,f1_no_cal,acc_with_cal,f1_with_cal,delta_acc,fit_time_s_no_cal,fit_time_s_with_cal,calib_weight,calib_n_windows_target,calib_protocol,n_dropped_onset,n_dropped_outlier,seed,fast
participant1,1112202,1200,25281,0.9842173964637475,0.9785885322952019,0.988370713183814,0.9836119152649009,0.004153316720066469,190.0943479537964,186.56403303146362,100.0,1200,random_stratified,0,0,42,True
participant10,1112202,1200,25281,0.9690676792848384,0.9617971054706932,0.9732209960049049,0.9587264337707119,0.004153316720066469,191.73132705688477,183.9722981452942,100.0,1200,random_stratified,0,0,42,True
participant11,1112202,1200,25281,0.9154701158973142,0.9104060856764726,0.9576361694553222,0.9642339017514621,0.042166053558007954,180.56192994117737,190.48473381996155,100.0,1200,random_stratified,0,0,42,True
participant12,1112202,1200,25281,0.9548277362446106,0.9570506790418802,0.9701752304101895,0.9690597030230124,0.015347494165578901,185.98067998886108,182.8660910129547,100.0,1200,random_stratified,0,0,42,True
participant13,1112202,1200,25281,0.9644792531940983,0.9601981861096905,0.9786796408369922,0.974750663769747,0.014200387642893886,183.5572259426117,190.25727796554565,100.0,1200,random_stratified,0,0,42,True
participant14,1112202,1200,25281,0.9183972153000277,0.9103305252056167,0.9506348641272102,0.9377069481732742,0.0322376488271825,189.51541900634766,186.21352410316467,100.0,1200,random_stratified,0,0,42,True
participant15,1112202,1200,25281,0.90874569835054,0.9058957748979894,0.9386100233376844,0.9354800803611502,0.02986432498714442,184.43017196655273,188.55706429481506,100.0,1200,random_stratified,0,0,42,True
participant16,1112202,1200,25281,0.9854040583837664,0.9885607694061624,0.9911000355998576,0.9929703792136874,0.005695977216091164,182.00131487846375,188.6286699771881,100.0,1200,random_stratified,0,0,42,True
participant17,1112202,1200,25281,0.9488153158498477,0.9603520679616198,0.9913769233811953,0.9920405533150253,0.042561607531347634,192.17258882522583,189.94599795341492,100.0,1200,random_stratified,0,0,42,True
participant18,1112202,1200,25281,0.9833471777224002,0.9756596845731176,0.9853249475890985,0.9779377155424122,0.001977769866698287,201.50714087486267,200.13994908332825,100.0,1200,random_stratified,0,0,42,True
participant19,1112202,1200,25281,0.967208575610142,0.9719193324517893,0.9814089632530358,0.9839177982809265,0.014200387642893886,200.87127995491028,197.34287691116333,100.0,1200,random_stratified,0,0,42,True
participant2,1112202,1200,25281,0.7742177920177208,0.7369984827422008,0.9115541315612515,0.9153236161929214,0.13733633954353075,201.0376579761505,199.25160479545593,100.0,1200,random_stratified,0,0,42,True
participant20,1112202,1200,25281,0.9874609390451327,0.9899286401276012,0.9959653494719355,0.9966853984139071,0.008504410426802833,198.19640016555786,202.38634085655212,100.0,1200,random_stratified,0,0,42,True
participant21,1112202,1200,25281,0.9178829951346861,0.9314537764405687,0.9651121395514418,0.9693703563438995,0.04722914441675574,188.30884099006653,195.0291130542755,100.0,1200,random_stratified,0,0,42,True
participant22,1112202,1200,25281,0.9203354297693921,0.9373437744991207,0.9602468256793639,0.9661574322295845,0.039911395909971836,215.73820114135742,205.06577396392822,100.0,1200,random_stratified,0,0,42,True
participant23,1112202,1200,25281,0.9911000355998576,0.991238033692042,0.9933942486452276,0.9932792526174161,0.0022942130453700305,209.59426379203796,207.30963683128357,100.0,1200,random_stratified,0,0,42,True
participant24,1112202,1200,25281,0.8639294331711562,0.8906741578178087,0.9785214192476563,0.9822706080553792,0.11459198607650012,208.99349784851074,211.09788393974304,100.0,1200,random_stratified,0,0,42,True
participant25,1112202,1200,25281,0.9640045884260907,0.9712630140219667,0.978996084015664,0.9835070954890882,0.014991495589573245,211.14962100982666,205.8977882862091,100.0,1200,random_stratified,0,0,42,True
participant26,1112202,1200,25281,0.9765436493809581,0.9810364381468116,0.9865907203037855,0.989887712586294,0.010047070922827417,206.8125011920929,210.96950721740723,100.0,1200,random_stratified,0,0,42,True
participant27,1112202,1200,25281,0.9579526126339939,0.9411804519850121,0.981290297061034,0.9778782565329308,0.023337684427040095,208.74606704711914,204.2457458972931,100.0,1200,random_stratified,0,0,42,True
participant28,1112202,1200,25281,0.9856413907677702,0.9867831833691459,0.9960049048692694,0.9956868364095933,0.01036351410149916,207.40953493118286,201.80935311317444,100.0,1200,random_stratified,0,0,42,True
participant29,1112202,1200,25281,0.9301451683082157,0.921384309797798,0.9685930145168308,0.9558865211897688,0.03844784620861508,190.03167009353638,200.53050017356873,100.0,1200,random_stratified,0,0,42,True
participant3,1112202,1200,25281,0.9436335587990982,0.9507497340248056,0.9642419208100945,0.9641659911609016,0.02060836201099636,199.69342064857483,206.5894639492035,100.0,1200,random_stratified,0,0,42,True
participant30,1112202,1200,25281,0.984731616629089,0.9858994988316065,0.9909022586131878,0.9908979646783761,0.006170641984098779,204.83132791519165,211.49883699417114,100.0,1200,random_stratified,0,0,42,True
participant31,1112202,1200,25281,0.9338633756576085,0.9445685819899045,0.9640441438234247,0.9678367372982967,0.030180768165816274,211.54450702667236,210.33768224716187,100.0,1200,random_stratified,0,0,42,True
participant32,1112202,1200,25281,0.9370278074443258,0.9404449466905506,0.9668921324314703,0.9646526793913274,0.02986432498714453,202.44952774047852,195.82641005516052,100.0,1200,random_stratified,0,0,42,True
participant33,1112202,1200,25281,0.9519006368418971,0.9558289417076965,0.9834262885170681,0.9825908520347925,0.031525651675171074,196.79520678520203,203.44489812850952,100.0,1200,random_stratified,0,0,42,True
participant34,1112202,1200,25281,0.9803409675250188,0.9841925386263976,0.9911791463945255,0.9929133100301389,0.010838178869506776,202.166348695755,201.79170083999634,100.0,1200,random_stratified,0,0,42,True
participant35,1112202,1200,25281,0.9729045528262331,0.9733646378335051,0.9912582571891935,0.9914570357692641,0.018353704362960355,213.75614285469055,206.44232177734375,100.0,1200,random_stratified,0,0,42,True
participant36,1112202,1200,25281,0.9842569518610814,0.9868907962320077,0.9944226889759108,0.994783871945807,0.010165737114829376,210.61256074905396,203.64204001426697,100.0,1200,random_stratified,0,0,42,True
participant37,1112202,1200,25281,0.9667734662394684,0.9584573461496796,0.9880542700051422,0.9892819809722934,0.021280803765673872,201.72714710235596,204.07592296600342,100.0,1200,random_stratified,0,0,42,True
participant38,1112202,1200,25281,0.9731418852102369,0.9647551968352842,0.9881333807998102,0.9898572315279436,0.014991495589573245,202.69399499893188,197.1918330192566,100.0,1200,random_stratified,0,0,42,True
participant39,1112202,1200,25281,0.9305407222815553,0.9102323747591967,0.9665756892527986,0.9596184220930309,0.03603496697124331,199.48563313484192,206.31112408638,100.0,1200,random_stratified,0,0,42,True
participant4,1112202,1200,25281,0.8550294687710138,0.8656144951394347,0.9130572366599422,0.9117124234325326,0.05802776788892838,203.15415120124817,207.4072709083557,100.0,1200,random_stratified,0,0,42,True
participant40,1112202,1200,25281,0.9825956251730549,0.9779609992941397,0.9908627032158538,0.9891923267031334,0.008267078042798914,209.6248037815094,205.50223684310913,100.0,1200,random_stratified,0,0,42,True
participant41,1112202,1200,25281,0.9621850401487283,0.9702467786782872,0.9798663027570111,0.9842159959123333,0.017681262608282844,197.5642819404602,206.57873392105103,100.0,1200,random_stratified,0,0,42,True
participant42,1112202,1200,25281,0.9419326767137376,0.9374615904125042,0.9738934377595823,0.9728547026232061,0.031960761045844666,200.62313795089722,201.3151659965515,100.0,1200,random_stratified,0,0,42,True
participant43,1112202,1200,25281,0.9338633756576085,0.9495941185255804,0.972983663620901,0.9778485479314448,0.03912028796329259,203.99726796150208,201.04125595092773,100.0,1200,random_stratified,0,0,42,True
participant5,1112202,1200,25281,0.9308176100628931,0.9382205044337181,0.9638463668367548,0.9641806673494687,0.033028756773861745,193.84534788131714,191.50271105766296,100.0,1200,random_stratified,0,0,42,True
participant6,1112202,1200,25281,0.8949013092836517,0.9039901382144319,0.9292749495668684,0.9265571652302688,0.034373640283216655,190.2454752922058,191.55096197128296,100.0,1200,random_stratified,0,0,42,True
participant7,1112202,1200,25281,0.9848898382184249,0.9802719530107463,0.9901507060638424,0.986711757182745,0.005260867845417461,188.79826617240906,188.5654308795929,100.0,1200,random_stratified,0,0,42,True
participant8,1112202,1200,25281,0.9146790079506348,0.8986405688426142,0.9488944266445156,0.9250038529387911,0.034215418693880784,191.95562386512756,190.37779879570007,100.0,1200,random_stratified,0,0,42,True
participant9,1112202,1200,25281,0.9481033186978364,0.9468520056016988,0.9749614334875993,0.9703645223505689,0.026858114789762966,191.29829287528992,192.7350311279297,100.0,1200,random_stratified,0,0,42,True
