feature,importance_mean,importance_std,importance_rank,category,w_grabmyo_vs_impaired,stroke_specific_shift,shift_rank
ch9_wl_sess_norm,0.04615384615384616,0.05105934548055736,1,per-channel (wl_sess_norm),0.0765570938881897,-0.0057315489391997,317
ch4_wl_prev2,0.02700854700854703,0.0248399067175969,2,temporal (wl),0.2590061192377744,-0.3412383379795346,245
ch0_wl_sess_norm,0.023931623931623958,0.02107491966827,3,per-channel (wl_sess_norm),0.0558737182858851,-0.0092684399419335,330
ch0_wl_prev2,0.015384615384615405,0.016626073730991914,4,temporal (wl),0.2454529056917836,-0.3153100985697615,269
ch13_wl_roll5,0.014529914529914544,0.055608127656796985,5,temporal (wl),0.2932180331442232,-0.320010664850922,156
ch9_wl_prev2,0.010256410256410267,0.01260792404416123,6,temporal (wl),0.2357056354214574,-0.2877060655659105,282
ch13_wl_prev,0.008205128205128228,0.009542075717574596,7,temporal (wl),0.2778277011075046,-0.3258442664668709,197
ch4_wl_roll5,0.007179487179487196,0.010614820305135065,8,temporal (wl),0.2919892840826104,-0.3319527051575233,160
ch4_ch13_env_rms_ratio_prev,0.005811965811965811,0.009766055970656884,9,temporal (ch13_env_rms_ratio),0.3549365969417787,0.0949758722306942,96
ch4_env_rms_roll5,0.0037606837606837624,0.005340341658739599,10,temporal (env_rms),0.2888222895898121,-0.2823456297907279,168
ch13_wl_roll3,0.003076923076923093,0.0038830142535386516,11,temporal (wl),0.2983142899331936,-0.3125104270973038,145
ch9_env_rms_pctile,0.003076923076923086,0.00403070978548773,12,envelope,0.1926246136190185,-0.298735040551408,304
ch0_ch4_env_rms_ratio,0.002905982905982909,0.009395491339255565,13,per-channel (ch4_env_rms_ratio),0.2760999236352297,0.0546789982058414,200
ch4_ch13_env_rms_ratio,0.0027350427350427324,0.009116096838272383,14,per-channel (ch13_env_rms_ratio),0.260093812308209,0.0698785665786651,242
ch9_mean_freq,0.0023931623931623958,0.005196131334554074,15,frequency,0.073593791561948,-0.0932675649755639,322
ch0_var_sess_norm,0.002222222222222232,0.003975966957132668,16,per-channel (var_sess_norm),0.0942069431844838,-0.0385062753001724,309
ch0_env_mean_sess_norm,0.0022222222222222166,0.0034230742554702074,17,envelope,0.0484408382712713,-0.0272675582811404,336
ch0_mean_freq,0.0020512820512820504,0.004030709785487716,18,frequency,0.0709174906723195,-0.0420247385456725,325
ch0_ch13_rms_ratio_roll3,0.002051282051282046,0.004102564102564092,19,temporal (ch13_rms_ratio),0.3165347963680217,0.1511671605175961,117
ch0_ch9_rms_ratio_roll3,0.0018803418803418914,0.0044869759823612815,20,temporal (ch9_rms_ratio),0.2654589365294118,0.0663115118382072,227
ch0_env_rms_prev2,0.0018803418803418827,0.005692590018921946,21,temporal (env_rms),0.2647445856721021,-0.2821838948708325,229
ch4_ch9_env_rms_diff_prev,0.0018803418803418782,0.005692590018921939,22,temporal (ch9_env_rms_diff),0.2481859464599593,-0.2305460164591934,265
ch0_ch4_rms_ratio_prev,0.0018803418803418736,0.003371467166378795,23,temporal (ch4_rms_ratio),0.282738146441951,0.0829222259362496,175
ch4_median_freq,0.001709401709401719,0.004522651813785636,24,frequency,0.059289081888807,-0.0184845292656273,329
ch0_ch4_rms_ratio,0.0017094017094017079,0.006395995532946885,25,per-channel (ch4_rms_ratio),0.2784071735867615,0.0602457343077085,192
ch4_ch13_rms_diff_delta,0.0015384615384615487,0.002697390399668313,26,temporal (ch13_rms_diff),0.4383792677901777,0.208519142694437,56
ch4_wl_delta,0.001538461538461544,0.0026973903996683098,27,temporal (wl),0.4923845072769135,0.1405397904998755,40
ch13_mav_roll3,0.001538461538461544,0.0029059829059829108,28,temporal (mav),0.2957396091361845,-0.2753651711593594,150
ch13_ssc,0.0015384615384615376,0.0036221572821225688,29,shape,0.0951052547758134,-0.1235710523736643,308
ch0_ch4_env_rms_diff_prev,0.0015384615384615376,0.0024712533837266547,30,temporal (ch4_env_rms_diff),0.3786832697936721,-0.1038055726198792,82
ch0_ch4_mav_ratio,0.001538461538461533,0.0028036272592917373,31,per-channel (ch4_mav_ratio),0.2729723428730905,0.0494567238568608,205
ch4_mean_freq,0.0013675213675213784,0.0028398714061258585,32,frequency,0.0237910266529388,0.0007555353365273,361
ch4_ch9_rms_diff_prev,0.0013675213675213693,0.004444444444444443,33,temporal (ch9_rms_diff),0.2452779982640693,-0.2317335178082033,271
ch0_median_freq,0.0013675213675213693,0.007203865813916395,34,frequency,0.0427362641970316,-0.007815557822197,349
ch9_rms_pctile,0.0013675213675213693,0.0023931623931623945,35,per-channel (rms_pctile),0.1928142493603765,-0.3003368848008608,303
ch4_ch9_env_rms_ratio,0.001367521367521367,0.005340341658739575,36,per-channel (ch9_env_rms_ratio),0.2555451716546182,-0.0430349318970517,251
ch0_ch4_env_rms_ratio_prev,0.0013675213675213627,0.004700077635852127,37,temporal (ch4_env_rms_ratio),0.2827014964378758,0.0819973790593905,176
ch0_wl_roll3,0.0011965811965812035,0.00358974358974361,38,temporal (wl),0.2668207639341837,-0.3164076455958169,224
ch4_rms_roll5,0.001196581196581199,0.003975966957132644,39,temporal (rms),0.2910896264783972,-0.2869970341394401,162
ch9_ch13_rms_diff,0.001196581196581199,0.0020298020661603335,40,per-channel (ch13_rms_diff),0.3209805139359821,-0.1021379153204422,112
ch4_ch9_rms_ratio_roll3,0.0011965811965811968,0.00358974358974359,41,temporal (ch9_rms_ratio),0.2846482908973441,0.0178285155501602,173
ch9_ch13_env_rms_diff_roll3,0.0011965811965811946,0.002029802066160321,42,temporal (ch13_env_rms_diff),0.3288074173621119,-0.0625425884259504,106
ch4_ssc,0.0011965811965811922,0.002653705076283756,43,shape,0.0905388898856423,-0.1395870440952751,312
ch4_ch9_env_rms_ratio_prev,0.0011965811965811922,0.003247863247863237,44,temporal (ch9_env_rms_ratio),0.2417583728565947,-0.0401385124409545,275
ch0_ch9_rms_ratio,0.001025641025641031,0.0020512820512820474,45,per-channel (ch9_rms_ratio),0.2949583410244263,0.0517244931120419,152
ch0_wl_roll5,0.0010256410256410308,0.005362183638071151,46,temporal (wl),0.2742725834877888,-0.3089738811713257,203
ch0_ch4_rms_diff_prev,0.0010256410256410287,0.0025583982131787736,47,temporal (ch4_rms_diff),0.3778730691597016,-0.1041699766392879,83
ch0_env_rms_prev,0.0010256410256410243,0.002051282051282045,48,temporal (env_rms),0.274466451501568,-0.2820603889357927,202
flexor_extensor_ratio_prev,0.0010256410256410243,0.003170467861707937,49,cross-channel,0.2218668212638757,-0.0191002059575649,293
ch4_ch13_mav_ratio,0.001025641025641022,0.0030769230769230656,50,per-channel (ch13_mav_ratio),0.2481553954053012,0.0664287240269242,266
ch4_ch13_rms_ratio_prev,0.001025641025641022,0.0020512820512820443,51,temporal (ch13_rms_ratio),0.3524257420561444,0.1001182370345898,97
ch4_wl_accel,0.001025641025641022,0.0025583982131787537,52,temporal (wl),0.5280433248450158,0.0859550007878099,22
ch0_ch4_env_rms_diff,0.001025641025641022,0.0025583982131787537,53,per-channel (ch4_env_rms_diff),0.3737309323144003,-0.1071647331463407,87
ch0_ch9_env_rms_diff,0.001025641025641022,0.003349729562780402,54,per-channel (ch9_env_rms_diff),0.383659561766197,0.0499444687852101,73
ch13_env_rms_prev,0.001025641025641022,0.004337975227504094,55,temporal (env_rms),0.2695885612355888,-0.2915255495344931,217
ch4_ch9_rms_ratio_prev,0.001025641025641022,0.002189102303395838,56,temporal (ch9_rms_ratio),0.2398962717235021,-0.0385699845866426,278
ch4_ch13_mav_diff_roll3,0.0008547008547008583,0.002195766252763275,57,temporal (ch13_mav_diff),0.2988904028455899,0.0821031350308446,143
ch4_ch9_mav_diff_prev,0.0008547008547008562,0.0013781637176578751,58,temporal (ch9_mav_diff),0.2422414396829062,-0.2564847399437896,274
ch4_ch13_env_rms_diff,0.0008547008547008539,0.003916731363210112,59,per-channel (ch13_env_rms_diff),0.3048766015727827,0.0775117753374096,133
ch4_maxamp,0.0008547008547008517,0.0025641025641025554,60,amplitude,0.2566544972549036,-0.3135708322436402,249
ch0_zc,0.0008547008547008517,0.004408135712214557,61,shape,0.0892462045951125,-0.061063854303304,313
ch4_ch9_rms_diff_roll3,0.0008547008547008517,0.0025641025641025554,62,temporal (ch9_rms_diff),0.3004715574893187,-0.1375081031261086,139
ch4_env_rms_delta,0.0008547008547008517,0.0025641025641025554,63,temporal (env_rms),0.4994682164103632,0.1245588193235347,37
ch4_ch13_rms_diff,0.0008547008547008517,0.004602704963362807,64,per-channel (ch13_rms_diff),0.3109161163733857,0.0766129172048616,125
ch4_env_rms_accel,0.0008547008547008517,0.0025641025641025554,65,temporal (env_rms),0.5551618820103771,0.0665407777980721,10
ch4_env_rms_roll3,0.0008547008547008517,0.0025641025641025554,66,temporal (env_rms),0.2795686611907434,-0.2892397772217211,189
ch4_ch13_mav_ratio_prev,0.0008547008547008517,0.0028858022249801836,67,temporal (ch13_mav_ratio),0.3462648536729964,0.0951996065372846,98
ch9_ch13_mav_diff_roll3,0.0006837606837606835,0.0015666925452840438,68,temporal (ch13_mav_diff),0.3240656635537615,-0.0834291273918996,109
ch4_ch13_mav_diff_prev,0.0006837606837606835,0.004059604132320647,69,temporal (ch13_mav_diff),0.2961409965380749,0.0674305979018597,148
ch9_env_rms_prev2,0.0006837606837606835,0.006029125500358409,70,temporal (env_rms),0.2563226688833777,-0.2837481467130015,250
ch4_mav_accel,0.0006837606837606814,0.0020512820512820443,71,temporal (mav),0.5057263588595711,0.1030183191264251,32
ch13_mean_freq,0.0006837606837606814,0.0015666925452840449,72,frequency,0.0301853540925189,-0.0239367432699453,358
rest_activity,0.0006837606837606814,0.0015666925452840473,73,other,0.3077079145713827,-0.3196104374327714,128
ch9_rms_delta,0.0006837606837606814,0.0020512820512820443,74,temporal (rms),0.4491685073165555,0.1448962992330444,53
ch0_ch9_mav_ratio_prev,0.0006837606837606814,0.0015666925452840423,75,temporal (ch9_mav_ratio),0.3076196467902055,0.0742378485008807,129
ch0_maxamp,0.0006837606837606814,0.0020512820512820443,76,amplitude,0.2595429657753422,-0.305854746897369,243
ch9_env_max,0.0005128205128205177,0.0015384615384615532,77,envelope,0.2649756611366319,-0.2908953503166949,228
ch0_ch13_mav_diff_roll3,0.0005128205128205176,0.0010945511516979331,78,temporal (ch13_mav_diff),0.372593078762866,0.0174922247806619,88
ch0_ch13_rms_diff,0.0005128205128205155,0.0010945511516979342,79,per-channel (ch13_rms_diff),0.4040627023526223,0.0019955437599618,65
ch13_rms_pctile,0.0005128205128205154,0.0010945511516979307,80,per-channel (rms_pctile),0.2317459711430327,-0.322009179145262,287
ch4_env_rms_prev,0.0005128205128205154,0.0015384615384615415,81,temporal (env_rms),0.2614920644556973,-0.2987774439355745,237
ch9_ch13_rms_diff_roll3,0.0005128205128205133,0.0010945511516979247,82,temporal (ch13_rms_diff),0.3288634737326043,-0.0640843697701845,104
ch9_wamp,0.0005128205128205133,0.0015384615384615395,83,shape,0.0686500104676951,-0.0637465474623449,326
ch13_mav_prev2,0.0005128205128205133,0.0036702411202707377,84,temporal (mav),0.2658234588869108,-0.2791016041923206,225
ch0_ch9_env_rms_diff_prev,0.000512820512820511,0.0020298020661603205,85,temporal (ch9_env_rms_diff),0.3795073834565433,0.0494133630605825,79
ch13_rms_prev,0.000512820512820511,0.0015384615384615328,86,temporal (rms),0.2678537783819389,-0.2962480318502455,221
ch0_wl,0.000512820512820511,0.001094551151697919,87,shape,0.2646443272072553,-0.3185767447265041,231
ch13_maxamp,0.000512820512820511,0.002299764794371566,88,amplitude,0.2578448545309406,-0.2911177898001337,247
ch0_mav,0.000512820512820511,0.0015384615384615328,89,amplitude,0.277879660725168,-0.2908580871206168,196
ch4_ssc_sess_norm,0.000512820512820511,0.0015384615384615328,90,per-channel (ssc_sess_norm),0.0495299335533117,-0.0084680316467201,335
ch4_ch9_env_rms_diff_delta,0.000512820512820511,0.0015384615384615328,91,temporal (ch9_env_rms_diff),0.3794561799323122,0.2617026120550649,80
ch4_ch9_env_rms_diff_roll3,0.000512820512820511,0.0010945511516979188,92,temporal (ch9_env_rms_diff),0.3034274358871064,-0.1353723479384299,134
ch9_wl_prev,0.0003418803418803473,0.005659126617862159,93,temporal (wl),0.2499425378358139,-0.2826278589541649,262
ch0_maxamp_sess_norm,0.0003418803418803451,0.0018410819853451306,94,per-channel (maxamp_sess_norm),0.0428477227987829,-0.0391844783372505,346
ch0_ch9_env_rms_ratio_delta,0.0003418803418803451,0.0010256410256410354,95,temporal (ch9_env_rms_ratio),0.6036154100863163,0.0045749412336733,2
ch9_maxamp,0.0003418803418803451,0.0010256410256410354,96,amplitude,0.2453436469428556,-0.2951852307907,270
ch13_var,0.00034188034188034307,0.00463749058675232,97,amplitude,0.2332032545002165,-0.2238788980993633,285
ch4_rms_sess_norm,0.00034188034188034286,0.0006837606837606857,98,per-channel (rms_sess_norm),0.0427840357987405,-0.0297506185269917,348
ch4_rms_accel,0.0003418803418803407,0.0010256410256410222,99,temporal (rms),0.5057605578215512,0.1004727717591063,31
ch4_ch13_mav_diff,0.0003418803418803407,0.0006837606837606758,100,per-channel (ch13_mav_diff),0.2923220482332022,0.0654153578264729,159
ch0_mav_prev2,0.0003418803418803407,0.003957551077876985,101,temporal (mav),0.2632826117868552,-0.2859053426772149,235
ch0_ch9_env_rms_diff_roll3,0.0003418803418803407,0.0010256410256410222,102,temporal (ch9_env_rms_diff),0.3598446827940358,0.0875729042730795,94
ch4_rms,0.0003418803418803407,0.0010256410256410222,103,amplitude,0.2722748555252602,-0.300864333089603,207
ch0_ch4_rms_ratio_delta,0.00034188034188033846,0.0016748647813902044,104,temporal (ch4_rms_ratio),0.5115118855535487,0.0654826338472658,26
ch0_env_rms_pctile,0.00017094017094018178,0.01109005236465544,105,envelope,0.1999303582651972,-0.3002761355004671,302
ch0_ch4_env_rms_diff_roll3,0.00017094017094017476,0.0011965811965812044,106,temporal (ch4_env_rms_diff),0.3822249197592466,-0.0363523963216777,74
ch4_env_rms_prev2,0.00017094017094017476,0.003457051011308863,107,temporal (env_rms),0.2553326545270556,-0.2909511746243272,253
ch9_ch13_mav_ratio_delta,0.00017094017094017476,0.0011965811965812044,108,temporal (ch13_mav_ratio),0.4657859555572257,0.0284156087344741,50
ch0_ch13_mav_diff_delta,0.00017094017094017254,0.0005128205128205177,109,temporal (ch13_mav_diff),0.3946405646053118,0.229585967363482,70
ch0_ch13_mav_diff_prev,0.00017094017094017254,0.0009205409926725653,110,temporal (ch13_mav_diff),0.4045715065507171,-0.0215867713157179,64
ch9_env_mean,0.00017094017094017254,0.0009205409926725653,111,envelope,0.2722853822732774,-0.2887973899076434,206
ch9_mav,0.00017094017094017254,0.0005128205128205177,112,amplitude,0.2712696457209566,-0.289305848267288,211
ch4_ch13_mav_diff_delta,0.00017094017094017254,0.0009205409926725653,113,temporal (ch13_mav_diff),0.3985025586014766,0.1993229726540072,68
ch0_env_rms,0.00017094017094017254,0.0005128205128205177,114,envelope,0.2801474063440924,-0.2855260698359309,186
ch4_ch9_env_rms_diff,0.00017094017094017254,0.0009205409926725653,115,per-channel (ch9_env_rms_diff),0.2476759767878371,-0.2311991464719,268
ch13_wl_delta,0.00017094017094017254,0.0005128205128205177,116,temporal (wl),0.5450919683805192,0.1239199574006411,14
ch9_mav_roll3,0.00017094017094017254,0.0005128205128205177,117,temporal (mav),0.2873653496845694,-0.272973157559449,170
ch0_wl_accel,0.00017094017094017034,0.0005128205128205111,118,temporal (wl),0.5307608915195694,0.0781338874431147,19
ch4_rms_pctile,0.00017094017094017034,0.0005128205128205111,119,per-channel (rms_pctile),0.2303607034867111,-0.3344653020136411,289
ch4_zc,0.00017094017094017034,0.003100573871319144,120,shape,0.0497500281909868,-0.0440435128936854,333
ch0_ch13_env_rms_diff_prev,0.00017094017094017034,0.0005128205128205111,121,temporal (ch13_env_rms_diff),0.4108036846029488,0.0023014843014666,62
ch0_rms_pctile,0.00017094017094017034,0.002803627259291738,122,per-channel (rms_pctile),0.2011920271445226,-0.3028586556073185,301
ch9_ch13_mav_ratio,0.00017094017094017034,0.0026973903996682807,123,per-channel (ch13_mav_ratio),0.2196347006942423,-4.213490682680732e-05,295
ch4_wl_prev,0.00017094017094017034,0.0045516331472459145,124,temporal (wl),0.2701732676693144,-0.3459026309157926,214
ch0_ch4_env_rms_diff_delta,0.00017094017094017034,0.0005128205128205111,125,temporal (ch4_env_rms_diff),0.4261681611508313,0.2749978751819832,58
ch0_ch13_rms_diff_prev,0.00017094017094017034,0.0005128205128205111,126,temporal (ch13_rms_diff),0.4101919915570435,-0.0023153799893623,63
ch0_ssc_sess_norm,0.00017094017094017034,0.0024712533837266512,127,per-channel (ssc_sess_norm),0.0365236611409503,-0.0126781336312001,353
ch0_ch9_mav_ratio_delta,0.00017094017094017034,0.0005128205128205111,128,temporal (ch9_mav_ratio),0.5631437720295291,0.0080661934068655,9
ch4_ch13_env_rms_diff_delta,0.00017094017094017034,0.0005128205128205111,129,temporal (ch13_env_rms_diff),0.4395993157118337,0.2082802993145802,55
ch9_ch13_rms_diff_delta,0.00017094017094017034,0.0005128205128205111,130,temporal (ch13_rms_diff),0.4019404753300153,0.2204118401421394,67
ch0_ch4_mav_ratio_delta,0.00017094017094017034,0.0005128205128205111,131,temporal (ch4_mav_ratio),0.5049302642641716,0.0633282137189278,33
ch0_ch4_mav_diff_prev,0.00017094017094017034,0.0019415071267693171,132,temporal (ch4_mav_diff),0.3715892889965454,-0.1288355081104392,90
ch0_ch9_mav_diff_prev,0.00017094017094017034,0.0005128205128205111,133,temporal (ch9_mav_diff),0.375856623840159,0.0460923724861077,85
ch4_mav_prev2,0.00017094017094017034,0.0011965811965811922,134,temporal (mav),0.2543395706001783,-0.2957362486704732,256
ch13_env_mean,0.00017094017094017034,0.0016126463473600974,135,envelope,0.2825961802110577,-0.2826458161145345,177
ch9_rms_roll3,0.00017094017094017034,0.0005128205128205111,136,temporal (rms),0.2874031867607702,-0.2740032774362278,169
ch4_ch9_mav_ratio_prev,0.00017094017094017034,0.0005128205128205111,137,temporal (ch9_mav_ratio),0.2361604097234065,-0.0631220685687278,280
ch0_ch9_mav_ratio_roll3,1.1102230246251566e-17,0.006531614760527447,138,temporal (ch9_mav_ratio),0.2539027863398251,0.0678779411000422,257
ch9_zc,1.1102230246251566e-17,0.006303962022080599,139,shape,0.0891577966933681,-0.1073336789677482,314
ch0_ch4_mav_diff_roll3,2.2334564753201393e-18,0.0007644676846153249,140,temporal (ch4_mav_diff),0.3738298547962548,-0.0643253725412512,86
ch0_ch9_rms_diff_delta,2.220446049250313e-18,6.66133814775094e-18,141,temporal (ch9_rms_diff),0.3236775704578477,0.1683243175675259,110
ch4_env_rms_sess_norm,2.220446049250313e-18,6.66133814775094e-18,142,envelope,0.0441186243990621,-0.0289835698919645,345
ch4_ch9_mav_diff,2.211772431870429e-18,0.000764467684615315,143,per-channel (ch9_mav_diff),0.2415620069717409,-0.2588990611332573,276
ch0_ch13_mav_ratio,2.211772431870429e-18,0.000764467684615305,144,per-channel (ch13_mav_ratio),0.3084286158785788,0.1348984045110912,127
ch4_ch13_rms_diff_roll3,2.211772431870429e-18,0.0017094017094017098,145,temporal (ch13_rms_diff),0.3169499768637686,0.0953120456656552,115
ch4_ch9_rms_diff,0.0,0.00076446768461531,146,per-channel (ch9_rms_diff),0.2442868848525679,-0.2322574646026245,273
ch0_rms,0.0,0.0,147,amplitude,0.2803081175599319,-0.2910104248524273,184
extensor_activity_delta,0.0,0.0,148,cross-channel,0.504114804186794,0.126420660295798,34
flexor_activity_delta,0.0,0.0,149,cross-channel,0.4650465411133161,0.1408553890836394,51
flexor_activity_prev,0.0,0.0,150,cross-channel,0.2707842388559168,-0.297816866381055,212
flexor_extensor_ratio_roll3,0.0,0.0020225913788374686,151,cross-channel,0.2170363636089081,-0.0559827902843609,296
ch0_ch4_rms_diff_delta,0.0,0.0,152,temporal (ch4_rms_diff),0.4179811227237093,0.2771684816084926,60
ch0_ch9_rms_ratio_delta,0.0,0.0,153,temporal (ch9_rms_ratio),0.572681815385284,0.0118173049333047,7
ch9_ch13_rms_ratio_delta,0.0,0.0,154,temporal (ch13_rms_ratio),0.4704408775836502,0.0287765292990783,48
ch0_ch4_mav_ratio_prev,0.0,0.0,155,temporal (ch4_mav_ratio),0.2801635879154119,0.0782238514132487,185
ch0_ch4_mav_diff_delta,0.0,0.0,156,temporal (ch4_mav_diff),0.3873357003643787,0.2562940148282087,71
ch4_ch9_mav_diff_delta,0.0,0.0,157,temporal (ch9_mav_diff),0.3431184675025126,0.2119716582283543,99
ch9_ch13_mav_diff_prev,0.0,0.0,158,temporal (ch13_mav_diff),0.3266257406795032,-0.1143992766469091,108
ch9_ch13_mav_diff_delta,0.0,0.0,159,temporal (ch13_mav_diff),0.3763367040455538,0.2157435109306151,84
ch0_ch13_env_rms_diff_delta,0.0,0.0,160,temporal (ch13_env_rms_diff),0.4311625935525561,0.2250815697052896,57
ch4_ch9_rms_ratio_delta,0.0,0.0,161,temporal (ch9_rms_ratio),0.4929892608064488,0.0967671793339609,39
ch9_mav_accel,0.0,0.0,162,temporal (mav),0.48787573468527,0.1126076780017445,41
ch13_env_std,0.0,0.0,163,envelope,0.2412451798972643,-0.2071326541858815,277
ch0_rms_sess_norm,0.0,0.0,164,per-channel (rms_sess_norm),0.044414583826557,-0.0324736268294,344
ch4_rms_delta,0.0,0.0,165,temporal (rms),0.4724616820982853,0.1458866511063196,47
ch0_rms_roll3,0.0,0.0,166,temporal (rms),0.3034117054216172,-0.2697903782565306,135
ch4_env_mean,0.0,0.0,167,envelope,0.2701313991619705,-0.3029543442676606,215
ch4_rms_prev,0.0,0.0,168,temporal (rms),0.2629564928800309,-0.3029322877630309,236
ch4_env_std,0.0,0.0,169,envelope,0.2157858404227309,-0.2426299858348601,297
ch4_mav_delta,0.0,0.0,170,temporal (mav),0.4637432311545736,0.1538691948528744,52
ch4_mav_prev,0.0,0.0,171,temporal (mav),0.2603942887583763,-0.305132510382663,240
ch4_env_rms,0.0,0.0,172,envelope,0.2705871748132635,-0.296623431678574,213
ch9_rms,0.0,0.0,173,amplitude,0.2699301106343504,-0.2910563806494965,216
ch13_rms_accel,0.0,0.0,174,temporal (rms),0.5327203802981463,0.0920686833233652,17
ch0_env_rms_delta,0.0,0.0,175,temporal (env_rms),0.5027906454727349,0.1268992908910116,35
ch0_iemg_sess_norm,0.0,0.0,176,per-channel (iemg_sess_norm),0.0479614751093546,-0.0275912027520537,337
ch13_mav_accel,0.0,0.0,177,temporal (mav),0.5306796867277931,0.0959338401383828,20
ch0_rms_delta,0.0,0.0,178,temporal (rms),0.477157836836951,0.1511381572285715,45
ch13_mav_delta,0.0,0.0,179,temporal (mav),0.5010086742848832,0.145736448148626,36
ch13_env_rms_roll3,0.0,0.00076446768461531,180,temporal (env_rms),0.2982971008555517,-0.2674748051934409,146
ch13_env_rms_accel,0.0,0.0,181,temporal (env_rms),0.5805339296962917,0.0602129592137811,6
ch13_env_rms_delta,0.0,0.0,182,temporal (env_rms),0.5383702944849508,0.1187449206806289,15
ch9_iemg,0.0,0.0,183,amplitude,0.2712698589647009,-0.2893057504573263,210
ch0_env_std_sess_norm,0.0,0.0,184,envelope,0.0338664842099455,-0.0283591717491455,356
ch9_env_std,0.0,0.0,185,envelope,0.2126850707590921,-0.2593333602389419,299
ch0_mav_sess_norm,0.0,0.0,186,per-channel (mav_sess_norm),0.0479614751093546,-0.0275912027520537,337
ch13_mav,0.0,0.0,187,amplitude,0.2818559254064356,-0.2826007419560872,182
ch4_iemg,0.0,0.0,188,amplitude,0.2695667808986077,-0.3026694969300316,218
ch0_env_std,0.0,0.0,189,envelope,0.2337530213999116,-0.2190855064188399,284
ch9_iemg_sess_norm,0.0,0.0,190,per-channel (iemg_sess_norm),0.0737959738566246,-0.0342338950602317,319
ch13_env_max,0.0,0.0,191,envelope,0.2792907549280537,-0.2609221825648929,190
ch4_env_rms_pctile,0.0,0.00076446768461531,192,envelope,0.2277361222612162,-0.3315159268084656,290
ch4_iemg_sess_norm,0.0,0.0,193,per-channel (iemg_sess_norm),0.0453248838203554,-0.0295981449918717,341
ch0_mav_prev,0.0,0.0,194,temporal (mav),0.2734085675558134,-0.2859589888889213,204
ch9_wamp_sess_norm,0.0,0.0,195,per-channel (wamp_sess_norm),0.025886591669724,0.0029705430725868,360
ch4_wamp,0.0,0.0,196,shape,0.0966955821651946,-0.0284727583495919,306
ch13_iemg,0.0,0.0,197,amplitude,0.2818560442060234,-0.2826007431646727,181
ch0_mav_accel,0.0,0.0,198,temporal (mav),0.5068621645990744,0.1105118269746716,29
ch0_iemg,0.0,0.0,199,amplitude,0.277879969391521,-0.2908578809276668,195
ch9_env_rms_roll3,0.0,0.0,200,temporal (env_rms),0.2892139833484832,-0.2714352994694324,167
ch9_rms_accel,0.0,0.0,201,temporal (rms),0.4848316853810469,0.1097079653017601,42
ch9_env_rms_delta,0.0,0.0,202,temporal (env_rms),0.4768174396640915,0.1260179409225803,46
ch0_mav_roll3,0.0,0.0,203,temporal (mav),0.3000974581067895,-0.269909020132914,140
ch4_mav,0.0,0.0,204,amplitude,0.2695666063222253,-0.3026695575063948,219
ch9_env_rms_accel,0.0,0.0,205,temporal (env_rms),0.5324501451271957,0.0750540963978865,18
ch4_env_mean_sess_norm,0.0,0.0,206,envelope,0.0455529440709027,-0.0299241828780498,340
ch4_ch13_env_rms_diff_prev,-2.0816681711721684e-18,0.0072119737127278385,207,temporal (ch13_env_rms_diff),0.307194690307853,0.0791960406952204,130
ch0_ch4_rms_ratio_roll3,-4.423544863740858e-18,0.00152893536923063,208,temporal (ch4_rms_ratio),0.2925540870686647,0.0926085834341489,158
ch0_ch13_rms_diff_roll3,-0.00017094017094016365,0.004678267413129567,209,temporal (ch13_rms_diff),0.3812181774590371,0.0477405309884522,75
ch9_var,-0.00017094017094016582,0.004218448779231808,210,amplitude,0.2251274613183941,-0.2669109256206417,291
ch0_ch9_rms_diff_prev,-0.00017094017094016807,0.0029059829059828917,211,temporal (ch9_rms_diff),0.3793097636362543,0.0411605031607881,81
ch0_ch13_rms_ratio_prev,-0.00017094017094016812,0.0005128205128205117,212,temporal (ch13_rms_ratio),0.3370762829526521,0.1765932132145035,100
ch0_env_max_sess_norm,-0.00017094017094016812,0.001196581196581196,213,envelope,0.0378914545352713,-0.0384197194987145,351
ch0_ch9_mav_diff_roll3,-0.00017094017094017034,0.0009205409926725616,214,temporal (ch9_mav_diff),0.3568311412794597,0.0832103517278557,95
ch0_rms_accel,-0.00017094017094017034,0.000512820512820511,215,temporal (rms),0.5067684912543875,0.1093402706989115,30
ch4_ch13_env_rms_ratio_delta,-0.00017094017094017034,0.0005128205128205111,216,temporal (ch13_env_rms_ratio),0.6198773141752224,0.0279366762854325,1
ch4_ch9_mav_ratio_roll3,-0.00017094017094017034,0.0026973903996682816,217,temporal (ch9_mav_ratio),0.2796158166031942,-0.0109056283248307,188
ch0_ch13_env_rms_ratio_roll3,-0.00017094017094017034,0.0038565860419413523,218,temporal (ch13_env_rms_ratio),0.3125344484594685,0.1451409419684003,123
ch9_rms_prev,-0.00017094017094017034,0.0005128205128205111,219,temporal (rms),0.2633034512589827,-0.2871149926069329,234
ch9_ch13_mav_diff,-0.00017094017094017034,0.000512820512820511,220,per-channel (ch13_mav_diff),0.3168957120179346,-0.1189355270780161,116
ch9_wl_delta,-0.00017094017094017034,0.0016126463473600972,221,temporal (wl),0.4827883791115775,0.1117826954834074,44
ch0_env_mean,-0.00017094017094017034,0.000512820512820511,222,envelope,0.2788731735332224,-0.2904121727558039,191
ch4_var,-0.00017094017094017034,0.004801563044508749,223,amplitude,0.2128059454266195,-0.253149921004704,298
ch0_ch9_rms_diff_roll3,-0.00017094017094017034,0.0009205409926725616,224,temporal (ch9_rms_diff),0.3605732980593232,0.0802733444007664,93
ch13_rms_delta,-0.00017094017094017034,0.0005128205128205111,225,temporal (rms),0.5100459771333105,0.1364733689226469,27
ch9_mav_delta,-0.00017094017094017034,0.0005128205128205111,226,temporal (mav),0.4449082338674233,0.1532414209067121,54
rest_activity_roll3,-0.00017094017094017254,0.0009205409926725734,227,other,0.3050666045416815,-0.3232871745149192,132
ch4_env_std_sess_norm,-0.0001709401709401748,0.002086590703544233,228,envelope,0.0294502535317555,-0.0183310618138243,359
ch0_ch13_env_rms_diff_roll3,-0.00034188034188033624,0.002393162393162392,229,temporal (ch13_env_rms_diff),0.3804143334108604,0.0484530771061189,77
ch0_wl_prev,-0.00034188034188033624,0.004509711438725772,230,temporal (wl),0.2590362658053318,-0.3128633213602859,244
ch4_ch13_mav_ratio_roll3,-0.0003418803418803384,0.0028398714061258247,231,temporal (ch13_mav_ratio),0.2358277137322126,0.075175889306472,281
ch9_wl_roll3,-0.0003418803418803384,0.003225292694720198,232,temporal (wl),0.2525218889408082,-0.2923739307592092,259
ch0_ch4_rms_diff,-0.00034188034188033846,0.0016748647813902044,233,per-channel (ch4_rms_diff),0.3717112047979047,-0.1069963350307348,89
ch0_ch13_mav_ratio_prev,-0.0003418803418803407,0.0012791991065893773,234,temporal (ch13_mav_ratio),0.3286821972782583,0.1696596198421319,107
ch4_ch9_env_rms_ratio_roll3,-0.0003418803418803407,0.003133385090568084,235,temporal (ch9_env_rms_ratio),0.2854273070262428,0.0148172975464783,172
ch4_ch9_mav_ratio_delta,-0.0003418803418803407,0.001025641025641022,236,temporal (ch9_mav_ratio),0.4829258867290461,0.0986742121956432,43
ch9_ch13_env_rms_diff_prev,-0.0003418803418803407,0.0010256410256410222,237,temporal (ch13_env_rms_diff),0.3299651553532832,-0.0957225479690673,102
flexor_extensor_ratio_delta,-0.0003418803418803407,0.0010256410256410222,238,cross-channel,0.5125360610632428,0.0611392482184572,25
ch0_ch13_rms_diff_delta,-0.0003418803418803407,0.001025641025641022,239,temporal (ch13_rms_diff),0.4222750316792217,0.229223910851574,59
ch0_env_rms_sess_norm,-0.0003418803418803407,0.001025641025641022,240,envelope,0.0445564021137033,-0.0316085724194032,343
ch4_ch9_rms_diff_delta,-0.0003418803418803407,0.0010256410256410222,241,temporal (ch9_rms_diff),0.3691065538372662,0.2512646596072813,91
ch0_mav_roll5,-0.0003418803418803407,0.0023931623931623845,242,temporal (mav),0.3115556107933527,-0.2578852698016075,124
ch4_ch9_mav_ratio,-0.0003418803418803407,0.0022677776344310345,243,per-channel (ch9_mav_ratio),0.2508417354579275,-0.0668313450922492,260
ch13_median_freq,-0.00034188034188034286,0.0016748647813901987,244,frequency,0.0457888768844132,0.0073983240601917,339
ch0_ch4_env_rms_ratio_roll3,-0.00034188034188034286,0.002267777634431044,245,temporal (ch4_env_rms_ratio),0.2933084273876506,0.0883951600381838,155
ch0_ch9_rms_ratio_prev,-0.0005128205128205022,0.004327859453392196,246,temporal (ch9_rms_ratio),0.3169825913043723,0.0717703764420105,114
ch4_ch13_rms_ratio_delta,-0.0005128205128205065,0.002865479421237638,247,temporal (ch13_rms_ratio),0.588538064420641,0.0397038990829693,3
ch13_mav_prev,-0.0005128205128205087,0.0021689876137520494,248,temporal (mav),0.2679221423311414,-0.2981018522420203,220
ch9_rms_prev2,-0.000512820512820511,0.0031566128739520215,249,temporal (rms),0.2546012263283977,-0.2850150155681662,254
extensor_activity_prev,-0.000512820512820511,0.002168987613752047,250,cross-channel,0.28240137816287,-0.30183950313448,178
ch4_rms_prev2,-0.000512820512820511,0.0017179274566018552,251,temporal (rms),0.257793474079771,-0.2930831526408466,248
ch9_zc_sess_norm,-0.000512820512820511,0.0035897435897435763,252,per-channel (zc_sess_norm),0.0159367484513223,-0.0278238786240404,366
ch4_ch9_env_rms_ratio_delta,-0.000512820512820511,0.0015384615384615328,253,temporal (ch9_env_rms_ratio),0.5286309007338169,0.0807077359326206,21
ch4_env_max,-0.000512820512820511,0.0015384615384615328,254,envelope,0.2647363206206194,-0.2832101265741845,230
ch0_ch13_mav_diff,-0.000512820512820511,0.0015384615384615328,255,per-channel (ch13_mav_diff),0.396723466887702,-0.0193882193545432,69
ch0_ch9_mav_diff,-0.000512820512820511,0.0010945511516979188,256,per-channel (ch9_mav_diff),0.3806469819227352,0.0475374942317538,76
ch4_mav_roll3,-0.000512820512820511,0.0015384615384615328,257,temporal (mav),0.2777086080525321,-0.2956403705536901,198
ch0_ch4_env_rms_ratio_delta,-0.000512820512820511,0.0015384615384615328,258,temporal (ch4_env_rms_ratio),0.5451310642993291,0.0528344667068052,13
ch4_ch9_rms_ratio,-0.000512820512820511,0.0007833462726420211,259,per-channel (ch9_rms_ratio),0.2544552695776489,-0.0388106387697937,255
ch13_wamp,-0.000512820512820511,0.0015384615384615333,260,shape,0.0857822680195289,-0.0140355466061465,315
ch9_wl,-0.000512820512820511,0.005131053340103812,261,shape,0.258272641132978,-0.2853300058792691,246
ch0_env_rms_roll3,-0.000512820512820511,0.001094551151697919,262,temporal (env_rms),0.302636473628164,-0.264618482577069,136
ch0_ch9_rms_diff,-0.000512820512820511,0.0017179274566018555,263,per-channel (ch9_rms_diff),0.3842541101067451,0.0414962566952929,72
ch4_wamp_sess_norm,-0.000512820512820511,0.0015384615384615328,264,per-channel (wamp_sess_norm),0.0374885885458175,0.0036114294391636,352
ch4_ch13_rms_diff_prev,-0.000512820512820511,0.002168987613752047,265,temporal (ch13_rms_diff),0.3127872203680279,0.079104239194226,122
ch0_ch13_mav_ratio_delta,-0.000512820512820511,0.0015384615384615328,266,temporal (ch13_mav_ratio),0.5381125932634574,0.0572894289325389,16
ch4_mav_sess_norm,-0.000512820512820511,0.0015384615384615333,267,per-channel (mav_sess_norm),0.0453248838203554,-0.0295981449918717,341
ch9_env_rms,-0.0005128205128205133,0.0015384615384615395,268,envelope,0.2722655329035762,-0.2885142392071579,208
ch0_env_rms_accel,-0.0005128205128205177,0.0015384615384615528,269,temporal (env_rms),0.5521564053560563,0.0738308829845816,11
ch4_mean_freq_sess_norm,-0.0006837606837606725,0.0034358549132037304,270,per-channel (mean_freq_sess_norm),0.0209028377937619,0.00485784571803,364
ch13_env_rms_pctile,-0.0006837606837606748,0.005139588505426622,271,envelope,0.2304674616654956,-0.319044236549636,288
rest_activity_prev,-0.0006837606837606768,0.004966098819259462,272,other,0.2954226271508802,-0.3256495219894745,151
ch4_env_max_sess_norm,-0.0006837606837606769,0.0025583982131787615,273,envelope,0.0404188045038429,-0.0253608852467339,350
ch9_ch13_rms_ratio_prev,-0.0006837606837606769,0.0015666925452840442,274,temporal (ch13_rms_ratio),0.2487275922431648,0.0593686658789163,264
ch4_ch13_env_rms_diff_roll3,-0.0006837606837606769,0.0025583982131787615,275,temporal (ch13_env_rms_diff),0.3101834017279835,0.094810853175793,126
ch4_ch13_rms_ratio,-0.0006837606837606791,0.005881931806524861,276,per-channel (ch13_rms_ratio),0.2602763205391199,0.0695100906042861,241
ch0_ch13_env_rms_ratio_prev,-0.0006837606837606791,0.004786324786324773,277,temporal (ch13_env_rms_ratio),0.3336616887459074,0.1742786538385249,101
ch13_rms_roll3,-0.0006837606837606791,0.0015666925452840434,278,temporal (rms),0.2994093941266926,-0.2698163464082478,142
trial_pos,-0.0006837606837606792,0.004337975227504107,279,other,0.0170978708090881,-1.213082923553696e-05,365
ch9_maxamp_sess_norm,-0.0006837606837606814,0.0043379752275040945,280,per-channel (maxamp_sess_norm),0.0649094753070755,-0.0238590509621398,328
flexor_activity_roll3,-0.0006837606837606814,0.0026701708293697867,281,cross-channel,0.2913076733463676,-0.2858800403145568,161
extensor_activity_roll3,-0.0006837606837606814,0.0020512820512820443,282,cross-channel,0.2986830296871562,-0.2915537017190652,144
ch9_env_std_sess_norm,-0.0006837606837606814,0.005832041746745955,283,envelope,0.0678745699503077,-0.022027733882194,327
ch0_ch13_env_rms_diff,-0.0006837606837606814,0.0020512820512820443,284,per-channel (ch13_env_rms_diff),0.4029810909430401,0.0036640594696273,66
ch0_ch4_mav_diff,-0.0006837606837606814,0.002051282051282044,285,per-channel (ch4_mav_diff),0.3679425862661294,-0.1317797258804066,92
flexor_activity,-0.0006837606837606814,0.0020512820512820443,286,cross-channel,0.2773720599723754,-0.300552597653774,199
flexor_extensor_ratio,-0.0006837606837606814,0.002051282051282044,287,cross-channel,0.2022515176258885,-0.0670220869358083,300
ch9_ch13_rms_ratio_roll3,-0.0006837606837606814,0.002880734965188488,288,temporal (ch13_rms_ratio),0.2343573541746897,-0.0050918712721038,283
extensor_activity,-0.0006837606837606814,0.0020512820512820443,289,cross-channel,0.2958170288228645,-0.2899057423222,149
ch0_ch4_mav_ratio_roll3,-0.0006837606837606814,0.002051282051282055,290,temporal (ch4_mav_ratio),0.289971920108426,0.0807936994368623,165
ch0_ch13_rms_ratio_delta,-0.0006837606837606814,0.0020512820512820443,291,temporal (ch13_rms_ratio),0.5496034076345155,0.0604574754536624,12
ch13_rms,-0.0006837606837606814,0.004059604132320641,292,amplitude,0.2817977719188015,-0.2802593757854924,183
ch0_ch13_rms_ratio,-0.0006837606837606814,0.002189102303395838,293,per-channel (ch13_rms_ratio),0.3187915207000487,0.1473634357465094,113
ch9_mav_prev,-0.0006837606837606814,0.0015666925452840423,294,temporal (mav),0.2643420181893756,-0.2860146850674067,233
ch4_ch9_mav_diff_roll3,-0.0006837606837606835,0.0033497295627804087,295,temporal (ch9_mav_diff),0.2973330055294499,-0.1622693935798518,147
ch0_ch9_env_rms_ratio,-0.0008547008547008471,0.011473384064649447,296,per-channel (ch9_env_rms_ratio),0.2896548828998873,0.0563789440457349,166
ch0_ch13_mav_ratio_roll3,-0.0008547008547008471,0.0028858022249801897,297,temporal (ch13_mav_ratio),0.3071003865500625,0.1321435510054825,131
ch0_mean_freq_sess_norm,-0.0008547008547008493,0.0031750727557276533,298,per-channel (mean_freq_sess_norm),0.0147367067550899,-0.0019297958715839,368
ch9_ch13_env_rms_ratio,-0.0008547008547008517,0.00490988260387864,299,per-channel (ch13_env_rms_ratio),0.2243861679250046,0.0139201909421556,292
ch9_median_freq,-0.0008547008547008517,0.005085290523296911,300,frequency,0.0495740399413199,-0.05375080531418,334
ch0_wamp,-0.0008547008547008517,0.002564102564102555,301,shape,0.0837925794939733,-0.0401117056869455,316
ch9_ch13_env_rms_diff_delta,-0.0008547008547008517,0.0025641025641025554,302,temporal (ch13_env_rms_diff),0.4112300071727315,0.222898466715482,61
ch4_ch13_mav_ratio_delta,-0.0008547008547008517,0.0025641025641025554,303,temporal (ch13_mav_ratio),0.5812021364451464,0.0338777376663218,5
ch0_ch9_mav_diff_delta,-0.0008547008547008517,0.0020583922356909833,304,temporal (ch9_mav_diff),0.2934481820766137,0.1606747126230315,154
ch0_mav_delta,-0.0008547008547008517,0.0025641025641025554,305,temporal (mav),0.4682839683864533,0.1558640335999409,49
ch13_env_rms,-0.0008547008547008517,0.0020583922356909833,306,envelope,0.2835827597237428,-0.2754086336568919,174
ch9_mean_freq_sess_norm,-0.0008547008547008517,0.0025641025641025554,307,per-channel (mean_freq_sess_norm),0.0094268425699406,-0.0379177728762603,370
ch0_ssc,-0.0008547008547008517,0.0020583922356909833,308,shape,0.0959316716201584,-0.1476598672266001,307
ch0_var,-0.0008547008547008562,0.004204572265384207,309,amplitude,0.2450525781762835,-0.2407273121353535,272
ch9_ssc,-0.0008547008547008583,0.0017516155155486595,310,shape,0.0922905057048658,-0.1722410303664005,311
ch13_rms_roll5,-0.0010256410256410102,0.022987480990104937,311,temporal (rms),0.2948070103600602,-0.2788142769059151,153
ch9_ch13_mav_ratio_prev,-0.0010256410256410174,0.003261330603134851,312,temporal (ch13_mav_ratio),0.2505355195506329,0.0531463454517578,261
ch0_ch13_env_rms_ratio,-0.0010256410256410198,0.0032613306031348457,313,per-channel (ch13_env_rms_ratio),0.3142181055454446,0.142114373867385,120
ch9_mav_roll5,-0.0010256410256410198,0.004906906015181979,314,temporal (mav),0.2999296755896649,-0.2598283290660864,141
ch4_median_freq_sess_norm,-0.001025641025641022,0.003076923076923065,315,per-channel (median_freq_sess_norm),0.0341864011883716,0.0123439250138622,355
ch13_wl_accel,-0.001025641025641022,0.003986975654595062,316,temporal (wl),0.5659806538210409,0.072155178660457,8
ch9_ch13_env_rms_ratio_delta,-0.001025641025641022,0.0025583982131787537,317,temporal (ch13_env_rms_ratio),0.5087348671857038,0.0219993136201496,28
ch4_wl_roll3,-0.0010256410256410265,0.00536218363807114,318,temporal (wl),0.279819934548048,-0.3435324680924116,187
ch0_wl_delta,-0.0010256410256410287,0.0017432545345616455,319,temporal (wl),0.4951433720178786,0.1196403859954771,38
ch0_median_freq_sess_norm,-0.00119658119658119,0.003156612873952043,320,per-channel (median_freq_sess_norm),0.0153464155879977,-0.0003916551178146,367
ch4_mav_roll5,-0.0011965811965811903,0.007835327614609118,321,temporal (mav),0.2869179052124717,-0.2882456127925007,171
ch13_env_rms_roll5,-0.0011965811965811922,0.003423074255470208,322,temporal (env_rms),0.2927537900230201,-0.2771333758629085,157
ch0_ch9_env_rms_diff_delta,-0.0011965811965811922,0.002168987613752047,323,temporal (ch9_env_rms_diff),0.3292134023074409,0.173594708153668,103
ch0_ch9_mav_ratio,-0.0011965811965811922,0.003156612873952024,324,per-channel (ch9_mav_ratio),0.2821545635149389,0.0544879448894291,180
ch0_rms_prev2,-0.0011965811965811922,0.0036702411202707372,325,temporal (rms),0.2654974900162887,-0.2861140736564282,226
ch9_ch13_env_rms_diff,-0.0011965811965811946,0.0029657011235722096,326,per-channel (ch13_env_rms_diff),0.3213500350149161,-0.0981937821712901,111
ch0_env_max,-0.0011965811965811946,0.0041906498024380226,327,envelope,0.2779463661494847,-0.2747129275550862,194
rest_activity_delta,-0.0011965811965811946,0.00419064980243803,328,other,0.5252879755553447,0.094522573585621,23
ch9_var_sess_norm,-0.001367521367521349,0.005229763603684914,329,per-channel (var_sess_norm),0.1525034068967664,-0.0022538618128643,305
ch0_ch9_env_rms_ratio_roll3,-0.001367521367521358,0.009387712969398955,330,temporal (ch9_env_rms_ratio),0.2604412017227712,0.0718806256166296,239
ch13_mav_roll5,-0.0013675213675213604,0.003650283163087616,331,temporal (mav),0.2901081155428423,-0.2847908849301354,164
ch9_mav_sess_norm,-0.0013675213675213627,0.003401666451646552,332,per-channel (mav_sess_norm),0.0737959738566246,-0.0342338950602317,319
ch4_rms_roll3,-0.0013675213675213627,0.0032252926947201953,333,temporal (rms),0.2821996148958385,-0.2928546492730272,179
ch4_maxamp_sess_norm,-0.0013675213675213693,0.0026260327343140626,334,per-channel (maxamp_sess_norm),0.0318745794464083,-0.0449308930987398,357
ch9_ch13_env_rms_ratio_prev,-0.0015384615384615285,0.0064619002295506775,335,temporal (ch13_env_rms_ratio),0.2531729803427701,0.0630231309276684,258
ch9_ch13_rms_ratio,-0.001538461538461533,0.0031934259303024503,336,per-channel (ch13_rms_ratio),0.2203360300871388,0.0114774876120397,294
ch9_env_rms_prev,-0.001538461538461533,0.002803627259291738,337,temporal (env_rms),0.2643820006811514,-0.2867178333759688,232
ch9_ch13_rms_diff_prev,-0.001538461538461533,0.0046153846153845985,338,temporal (ch13_rms_diff),0.3288599905320081,-0.1005437725778638,105
ch9_wl_accel,-0.0017094017094017012,0.0022934030538459284,339,temporal (wl),0.5146078663251485,0.0726601447775758,24
ch4_zc_sess_norm,-0.0017094017094017033,0.0027563274353157342,340,per-channel (zc_sess_norm),0.0342875582294169,0.0101472854032705,354
ch4_ch13_rms_ratio_roll3,-0.0017094017094017055,0.0040451827576749476,341,temporal (ch13_rms_ratio),0.2496166937043505,0.0780291048369197,263
ch13_zc,-0.0017094017094017098,0.0030578707384612547,342,shape,0.0530302403138523,-0.0455865723073486,332
ch9_median_freq_sess_norm,-0.0018803418803418736,0.0045516331472459145,343,per-channel (median_freq_sess_norm),0.0143845267292223,-0.0186682812545222,369
ch0_ch13_env_rms_ratio_delta,-0.0018803418803418736,0.003931623931623917,344,temporal (ch13_env_rms_ratio),0.5813851062473647,0.0472641410935013,4
ch0_ch4_rms_diff_roll3,-0.0018803418803418736,0.0031005738713191437,345,temporal (ch4_rms_diff),0.3797827903958382,-0.0387231123137825,78
ch0_zc_sess_norm,-0.001880341880341876,0.0037800588696574318,346,per-channel (zc_sess_norm),0.0235786030343872,0.0094552587520709,363
ch4_var_sess_norm,-0.0020512820512820396,0.008190870803904888,347,per-channel (var_sess_norm),0.0929628845090172,-0.0339483224509838,310
ch0_wamp_sess_norm,-0.0022222222222222183,0.006118129972025037,348,per-channel (wamp_sess_norm),0.023606818657858,0.0079586635896145,362
ch9_ch13_mav_ratio_roll3,-0.0022222222222222188,0.007983107301767928,349,temporal (ch13_mav_ratio),0.2329414310877561,-0.0162627578454322,286
ch0_rms_roll5,-0.0022222222222222188,0.0051310533401038045,350,temporal (rms),0.3150287617366272,-0.2583874954708342,119
ch9_env_rms_sess_norm,-0.0023931623931623893,0.004130955888408382,351,envelope,0.0726100675264393,-0.0364706081142018,324
ch0_env_rms_roll5,-0.0023931623931623936,0.0037606837606837576,352,temporal (env_rms),0.3141796848914529,-0.2529952845235707,121
ch4_wl_sess_norm,-0.002564102564102555,0.005525890555639171,353,per-channel (wl_sess_norm),0.0552525144356772,-0.0562069716444438,331
ch4_wl,-0.0025641025641025593,0.007421638750800812,354,shape,0.2783666167728291,-0.3487546310510456,193
ch0_rms_prev,-0.0025641025641025615,0.009463665323532574,355,temporal (rms),0.2752577412048415,-0.2866153879445175,201
ch9_ssc_sess_norm,-0.002735042735042725,0.007458948454451754,356,per-channel (ssc_sess_norm),0.0428162150748636,-0.0182096601675313,347
ch9_wl_roll5,-0.0027350427350427303,0.004966098819259463,357,temporal (wl),0.2608029957956042,-0.283903807004816,238
ch4_ch13_env_rms_ratio_roll3,-0.0029059829059828956,0.004460850718187996,358,temporal (ch13_env_rms_ratio),0.2478479900139702,0.0792621133015805,267
ch9_ch13_env_rms_ratio_roll3,-0.0034188034188034136,0.009141703902304895,359,temporal (ch13_env_rms_ratio),0.23707989186708,-0.0023033412057006,279
ch0_ch9_env_rms_ratio_prev,-0.0037606837606837494,0.008155118250855763,360,temporal (ch9_env_rms_ratio),0.315898812094136,0.0775508217880474,118
ch9_env_rms_roll5,-0.00393162393162392,0.008199784584759949,361,temporal (env_rms),0.3019867448589969,-0.2581527167120855,137
ch9_env_max_sess_norm,-0.004273504273504265,0.011849249111537327,362,envelope,0.0743758735046568,-0.0335745784371308,318
ch9_env_mean_sess_norm,-0.004444444444444433,0.00820512820512818,363,envelope,0.0737661604514601,-0.034985435107315,321
ch9_mav_prev2,-0.00444444444444444,0.01048742676935244,364,temporal (mav),0.2554276518424496,-0.2839925179871379,252
ch13_rms_prev2,-0.0049572649572649456,0.009345597902794257,365,temporal (rms),0.2669395630822654,-0.2747672500215355,223
ch13_wl_prev2,-0.005128205128205108,0.013328949531362665,366,temporal (wl),0.2720215307586746,-0.3103166655156628,209
ch9_rms_sess_norm,-0.005128205128205112,0.0077960712827291265,367,per-channel (rms_sess_norm),0.0733192113234058,-0.034157797516451,323
ch13_env_rms_prev2,-0.005641025641025632,0.011262609511131014,368,temporal (env_rms),0.2678012504858529,-0.2719582898014309,222
ch13_wl,-0.005811965811965802,0.014609135466134328,369,shape,0.2904939996240274,-0.3173843681632691,163
ch9_rms_roll5,-0.0070085470085469986,0.011927900871397938,370,temporal (rms),0.3006674730369854,-0.2602801366945189,138
