feature,category,w_grabmyo_vs_impaired,w_grabmyo_vs_healthy_arm,stroke_specific_shift,mean_grabmyo,std_grabmyo,mean_impaired,std_impaired,mean_healthy_arm,std_healthy_arm
ch4_ch13_env_rms_ratio_delta,temporal (ch13_env_rms_ratio),0.6198773141752224,0.5919406378897899,0.027936676285432505,-0.00928601436316967,0.9930403232574463,-0.010880149900913239,0.9068140387535095,-0.008050942793488503,1.0558655261993408
ch0_ch9_env_rms_ratio_delta,temporal (ch9_env_rms_ratio),0.6036154100863163,0.599040468852643,0.004574941233673302,-0.00048229980166070163,1.0020891427993774,0.0005154890823177993,0.9808132648468018,0.00332295848056674,1.0287823677062988
ch4_ch13_rms_ratio_delta,temporal (ch13_rms_ratio),0.588538064420641,0.5488341653376717,0.03970389908296934,-0.008801361545920372,0.9923893809318542,-0.009508020244538784,0.9026206731796265,-0.005860107019543648,1.0575600862503052
ch0_ch13_env_rms_ratio_delta,temporal (ch13_env_rms_ratio),0.5813851062473647,0.5341209651538634,0.0472641410935013,-0.014263755641877651,0.9967831969261169,-0.0010626830626279116,0.9311697483062744,-0.004165902268141508,1.1359306573867798
ch4_ch13_mav_ratio_delta,temporal (ch13_mav_ratio),0.5812021364451464,0.5473243987788246,0.03387773766632185,-0.009244478307664394,0.9923530220985413,-0.010536802001297474,0.9168645143508911,-0.0078050727024674416,1.082310676574707
ch13_env_rms_accel,temporal (env_rms),0.5805339296962917,0.5203209704825106,0.060212959213781114,0.007569615263491869,1.0087590217590332,-0.008437848649919033,0.8204816579818726,0.0009335657814517617,1.3222640752792358
ch0_ch9_rms_ratio_delta,temporal (ch9_rms_ratio),0.572681815385284,0.5608645104519792,0.011817304933304795,0.00018210550479125232,1.0021727085113525,0.002922818996012211,0.9793180823326111,0.0027865422889590263,1.0247186422348022
ch13_wl_accel,temporal (wl),0.5659806538210409,0.4938254751605839,0.07215517866045701,0.004658473189920187,1.0111008882522583,-0.006493974011391401,0.8328638076782227,0.004700603429228067,1.3441033363342285
ch0_ch9_mav_ratio_delta,temporal (ch9_mav_ratio),0.5631437720295291,0.5550775786226636,0.00806619340686554,-0.0001904530799947679,1.0025933980941772,0.0010490919230505824,0.9877197742462158,0.002122496021911502,1.0430575609207153
ch4_env_rms_accel,temporal (env_rms),0.5551618820103771,0.488621104212305,0.0665407777980721,0.00018967317009810358,1.0183794498443604,-0.007320471107959747,0.8361135721206665,0.004831455182284117,1.330697774887085
ch0_env_rms_accel,temporal (env_rms),0.5521564053560563,0.4783255223714746,0.07383088298458168,-0.002049974864348769,1.012084722518921,-0.005082653369754553,0.8410739302635193,0.00427175173535943,1.3706387281417847
ch0_ch13_rms_ratio_delta,temporal (ch13_rms_ratio),0.5496034076345155,0.4891459321808531,0.060457475453662424,-0.014075693674385548,0.9969572424888611,-8.028297452256083e-05,0.9237034320831299,-0.005142453126609325,1.1378134489059448
ch0_ch4_env_rms_ratio_delta,temporal (ch4_env_rms_ratio),0.5451310642993291,0.49229659759252387,0.05283446670680525,-0.007174977567046881,1.000929355621338,0.000530419172719121,0.9021175503730774,-0.0008996236138045788,1.0749222040176392
ch13_wl_delta,temporal (wl),0.5450919683805192,0.4211720109798781,0.1239199574006411,0.004583338275551796,1.004719614982605,-0.016533512622117996,0.8208138942718506,0.025174472481012344,1.3301082849502563
ch13_env_rms_delta,temporal (env_rms),0.5383702944849508,0.4196253738043218,0.11874492068062897,0.007431324105709791,1.0039180517196655,-0.018305113539099693,0.8386082053184509,0.018672533333301544,1.3030569553375244
ch0_ch13_mav_ratio_delta,temporal (ch13_mav_ratio),0.5381125932634574,0.48082316433091843,0.057289428932538966,-0.014255081303417683,0.9964857697486877,0.0009160886402241886,0.9189194440841675,-0.003528909059241414,1.1612873077392578
ch13_rms_accel,temporal (rms),0.5327203802981463,0.440651696974781,0.09206868332336526,0.007610612083226442,1.0084519386291504,-0.009030458517372608,0.8302354216575623,0.0007881789933890104,1.313476800918579
ch9_env_rms_accel,temporal (env_rms),0.5324501451271957,0.45739604872930917,0.07505409639788652,-0.001268030027858913,1.006712555885315,-0.010124877095222473,0.8138694167137146,0.0037411481607705355,1.3855006694793701
ch0_wl_accel,temporal (wl),0.5307608915195694,0.4526270040764546,0.07813388744311478,-0.0026466595008969307,1.0117638111114502,-0.0038625067099928856,0.8483852744102478,0.006294459104537964,1.373344898223877
ch13_mav_accel,temporal (mav),0.5306796867277931,0.43474584658941023,0.09593384013838285,0.006881640292704105,1.0086491107940674,-0.008058483712375164,0.8264046311378479,0.0012830161722376943,1.3265119791030884
ch4_ch9_env_rms_ratio_delta,temporal (ch9_env_rms_ratio),0.5286309007338169,0.4479231648011963,0.0807077359326206,0.002359229139983654,0.9996169209480286,-0.011905263178050518,0.874519944190979,0.0066331857815384865,1.1024638414382935
ch4_wl_accel,temporal (wl),0.5280433248450158,0.4420883240572059,0.08595500078780993,-0.002167739439755678,1.0175279378890991,-0.00580149982124567,0.8334689736366272,0.003160757478326559,1.35850191116333
rest_activity_delta,other,0.5252879755553447,0.4307654019697236,0.09452257358562105,0.0026373162399977446,1.0080504417419434,-0.016972625628113747,0.818448543548584,0.02290918119251728,1.3143600225448608
ch9_wl_accel,temporal (wl),0.5146078663251485,0.44194772154757267,0.07266014477757587,-0.0028223181143403053,1.0086069107055664,-0.006177724339067936,0.8388382196426392,0.00666524562984705,1.3460561037063599
flexor_extensor_ratio_delta,cross-channel,0.5125360610632428,0.45139681284478556,0.06113924821845723,-0.016154199838638306,0.9985091686248779,0.0018710606964305043,0.9871082901954651,-0.006696722470223904,1.055816650390625
ch0_ch4_rms_ratio_delta,temporal (ch4_rms_ratio),0.5115118855535487,0.4460292517062828,0.06548263384726583,-0.008024191483855247,1.0010342597961426,0.0005868535372428596,0.9127854108810425,-0.0015472350642085075,1.0895267724990845
ch13_rms_delta,temporal (rms),0.5100459771333105,0.37357260821066357,0.1364733689226469,0.007065019570291042,1.0035260915756226,-0.018461840227246284,0.8375267386436462,0.017478853464126587,1.3024083375930786
ch9_ch13_env_rms_ratio_delta,temporal (ch13_env_rms_ratio),0.5087348671857038,0.48673555356555415,0.021999313620149674,-0.015135025605559349,0.9953343868255615,-0.00298965978436172,0.9526146054267883,-0.00847921334207058,1.1314057111740112
ch0_mav_accel,temporal (mav),0.5068621645990744,0.3963503376244028,0.1105118269746716,-0.002288967836648226,1.0123767852783203,-0.003608940402045846,0.8393125534057617,0.0029966733418405056,1.3914082050323486
ch0_rms_accel,temporal (rms),0.5067684912543875,0.397428220555476,0.1093402706989115,-0.0020448234863579273,1.012028455734253,-0.003415878862142563,0.8417162299156189,0.002901667496189475,1.3574150800704956
ch4_rms_accel,temporal (rms),0.5057605578215512,0.40528778606244487,0.1004727717591063,0.0006667212001048028,1.0178766250610352,-0.007765946909785271,0.8421738147735596,0.005108972080051899,1.33159339427948
ch4_mav_accel,temporal (mav),0.5057263588595711,0.40270803973314595,0.10301831912642512,2.9756482035736553e-05,1.0175131559371948,-0.007667751982808113,0.8441479802131653,0.0033551545348018408,1.3423998355865479
ch0_ch4_mav_ratio_delta,temporal (ch4_mav_ratio),0.5049302642641716,0.4416020505452438,0.06332821371892783,-0.007428465876728296,1.0016987323760986,0.0014328181277960539,0.905330240726471,-0.0009536626166664064,1.1230037212371826
extensor_activity_delta,cross-channel,0.504114804186794,0.3776941438909959,0.12642066029579807,0.005188093986362219,1.0084465742111206,-0.019166771322488785,0.8216484785079956,0.021126501262187958,1.3008977174758911
ch0_env_rms_delta,temporal (env_rms),0.5027906454727349,0.3758913545817233,0.1268992908910116,-0.0011342704528942704,1.006772518157959,-0.01089237816631794,0.8382082581520081,0.021008485928177834,1.287967324256897
ch13_mav_delta,temporal (mav),0.5010086742848832,0.3552722261362571,0.14573644814862607,0.006800119299441576,1.0031577348709106,-0.01743115298449993,0.8363121151924133,0.017262326553463936,1.3008993864059448
ch4_env_rms_delta,temporal (env_rms),0.49946821641036326,0.3749093970868285,0.12455881932353474,0.000306444417219609,1.0136560201644897,-0.018475286662578583,0.8110691905021667,0.022520015016198158,1.2872849702835083
ch0_wl_delta,temporal (wl),0.4951433720178786,0.37550298602240145,0.11964038599547716,-0.0018974054837599397,1.008652687072754,-0.011579575948417187,0.8197236061096191,0.02251049317419529,1.3535122871398926
ch4_ch9_rms_ratio_delta,temporal (ch9_rms_ratio),0.4929892608064488,0.39622208147248783,0.09676717933396095,0.0031072054989635944,0.9995277523994446,-0.0105585353448987,0.8710354566574097,0.007764923386275768,1.1052833795547485
ch4_wl_delta,temporal (wl),0.4923845072769135,0.351844716777038,0.14053979049987553,-0.0013237377861514688,1.0151516199111938,-0.016213126480579376,0.8032130599021912,0.025521092116832733,1.3437550067901611
ch9_mav_accel,temporal (mav),0.48787573468527007,0.37526805668352553,0.11260767800174454,-0.0017690887907519937,1.0070210695266724,-0.008965553715825081,0.8177818059921265,0.003774665528908372,1.3932616710662842
ch9_rms_accel,temporal (rms),0.4848316853810469,0.37512372007928674,0.10970796530176014,-0.001680266810581088,1.0055747032165527,-0.009761138819158077,0.8282322883605957,0.00324444891884923,1.3781018257141113
ch4_ch9_mav_ratio_delta,temporal (ch9_mav_ratio),0.4829258867290461,0.38425167453340286,0.09867421219564326,0.0028521246276795864,0.9987637400627136,-0.012849544174969196,0.8822511434555054,0.007750068791210651,1.1284220218658447
ch9_wl_delta,temporal (wl),0.48278837911157757,0.3710056836281701,0.11178269548340747,-0.0016506013926118612,1.011530876159668,-0.012920217588543892,0.825269341468811,0.02181113325059414,1.3353652954101562
ch0_rms_delta,temporal (rms),0.477157836836951,0.3260196796083795,0.1511381572285715,-0.0014365740353241563,1.0059908628463745,-0.008704561740159988,0.8282489776611328,0.018380220979452133,1.287548542022705
ch9_env_rms_delta,temporal (env_rms),0.4768174396640915,0.3507994987415112,0.12601794092258034,-0.0014555969974026084,1.0095354318618774,-0.015835151076316833,0.8100794553756714,0.02080039493739605,1.3448930978775024
ch4_rms_delta,temporal (rms),0.4724616820982853,0.32657503099196566,0.14588665110631965,0.0005505764274857938,1.0131193399429321,-0.017670387402176857,0.8231346607208252,0.022818226367235184,1.2855045795440674
ch9_ch13_rms_ratio_delta,temporal (ch13_rms_ratio),0.4704408775836502,0.4416643482845719,0.028776529299078313,-0.01540473010390997,0.9962940812110901,-0.00425236439332366,0.9459409713745117,-0.008875839412212372,1.1424683332443237
ch0_mav_delta,temporal (mav),0.4682839683864533,0.31241993478651237,0.15586403359994094,-0.0015027561457827687,1.0068963766098022,-0.009267483837902546,0.8229917287826538,0.01990380510687828,1.3227289915084839
ch9_ch13_mav_ratio_delta,temporal (ch13_mav_ratio),0.4657859555572257,0.43737034682275155,0.02841560873447413,-0.015223520807921886,0.9945361614227295,-0.003052030224353075,0.9488717913627625,-0.006869955454021692,1.1555269956588745
flexor_activity_delta,cross-channel,0.4650465411133161,0.32419115202967663,0.14085538908363948,-0.0016774386167526245,1.0064496994018555,-0.011850666254758835,0.8120257258415222,0.019252516329288483,1.3191114664077759
ch4_mav_delta,temporal (mav),0.4637432311545736,0.3098740363016992,0.15386919485287442,0.0001417814928572625,1.0124874114990234,-0.01848856545984745,0.8219161629676819,0.021730273962020874,1.3058489561080933
ch9_rms_delta,temporal (rms),0.44916850731655555,0.3042722080835111,0.14489629923304448,-0.002034396631643176,1.0086511373519897,-0.01507546752691269,0.8072721362113953,0.019131207838654518,1.3441472053527832
ch9_mav_delta,temporal (mav),0.4449082338674233,0.2916668129607112,0.1532414209067121,-0.0019705381710082293,1.0092437267303467,-0.014596963301301003,0.7974214553833008,0.020693659782409668,1.3550087213516235
ch4_ch13_env_rms_diff_delta,temporal (ch13_env_rms_diff),0.4395993157118337,0.23131901639725347,0.20828029931458023,-0.006788813043385744,0.9976310729980469,-0.005824580788612366,0.8024619221687317,0.00702728983014822,1.3237860202789307
ch4_ch13_rms_diff_delta,temporal (ch13_rms_diff),0.4383792677901777,0.22986012509574072,0.208519142694437,-0.006187361665070057,0.9965457320213318,-0.002138477982953191,0.8050217032432556,0.009348189458251,1.3203105926513672
ch0_ch13_env_rms_diff_delta,temporal (ch13_env_rms_diff),0.43116259355255615,0.20608102384726654,0.2250815697052896,-0.010278880596160889,0.9999724626541138,0.004769397899508476,0.81498783826828,0.01186350081115961,1.354999303817749
ch0_ch4_env_rms_diff_delta,temporal (ch4_env_rms_diff),0.42616816115083134,0.15117028596884804,0.27499787518198326,-0.0028915065340697765,1.0152162313461304,0.004971591290086508,0.7903129458427429,0.008111448958516121,1.333372712135315
ch0_ch13_rms_diff_delta,temporal (ch13_rms_diff),0.4222750316792217,0.1930511208276477,0.229223910851574,-0.009939257055521011,0.999509334564209,0.008126459084451199,0.8137764930725098,0.009613691829144955,1.3570187091827393
ch0_ch4_rms_diff_delta,temporal (ch4_rms_diff),0.4179811227237093,0.1408126411152167,0.2771684816084926,-0.004132652189582586,1.0148285627365112,0.005886188708245754,0.792076051235199,0.005938466172665358,1.3314635753631592
ch9_ch13_env_rms_diff_delta,temporal (ch13_env_rms_diff),0.4112300071727315,0.1883315404572495,0.222898466715482,-0.00815222505480051,0.9985234141349792,0.001667470089159906,0.8101969361305237,0.0025634460616856813,1.3730727434158325
ch0_ch13_env_rms_diff_prev,temporal (ch13_env_rms_diff),0.41080368460294886,0.4085022003014822,0.0023014843014666497,0.006348200608044863,1.0087387561798096,-0.03909130021929741,0.7360473275184631,0.12524265050888062,1.4692386388778687
ch0_ch13_rms_diff_prev,temporal (ch13_rms_diff),0.41019199155704356,0.41250737154640593,-0.002315379989362376,0.006537855137139559,1.0081623792648315,-0.038972221314907074,0.7326287031173706,0.12402596324682236,1.4699652194976807
ch0_ch13_mav_diff_prev,temporal (ch13_mav_diff),0.40457150655071716,0.4261582778664351,-0.021586771315717956,0.006072589196264744,1.0080841779708862,-0.03825341910123825,0.723046064376831,0.12177710980176926,1.4927513599395752
ch0_ch13_rms_diff,per-channel (ch13_rms_diff),0.4040627023526223,0.4020671585926605,0.0019955437599618042,-0.0068951924331486225,1.0010939836502075,-0.036650508642196655,0.7438880205154419,0.1265450417995453,1.460820198059082
ch0_ch13_env_rms_diff,per-channel (ch13_env_rms_diff),0.40298109094304013,0.3993170314734128,0.0036640594696273343,-0.007392070721834898,1.002243161201477,-0.03786912560462952,0.7426046133041382,0.12791407108306885,1.4635511636734009
ch9_ch13_rms_diff_delta,temporal (ch13_rms_diff),0.40194047533001537,0.18152863518787596,0.2204118401421394,-0.00811733864247799,0.9982200860977173,0.0031016687862575054,0.8235273957252502,0.0027991454117000103,1.377429723739624
ch4_ch13_mav_diff_delta,temporal (ch13_mav_diff),0.3985025586014766,0.19917958594746932,0.19932297265400728,-0.006174104753881693,0.9968547821044922,-0.006328111980110407,0.808402419090271,0.007827159948647022,1.345155119895935
ch0_ch13_mav_diff,per-channel (ch13_mav_diff),0.39672346688770205,0.41611168624224526,-0.019388219354543212,-0.0070586660876870155,1.0012322664260864,-0.036282699555158615,0.7360994219779968,0.12442601472139359,1.4878872632980347
ch0_ch13_mav_diff_delta,temporal (ch13_mav_diff),0.3946405646053118,0.16505459724182975,0.22958596736348208,-0.009802654385566711,0.9992205500602722,0.0068089780397713184,0.8150700330734253,0.011004894971847534,1.3784621953964233
ch0_ch4_mav_diff_delta,temporal (ch4_mav_diff),0.3873357003643787,0.13104168553617002,0.2562940148282087,-0.003241816535592079,1.0135624408721924,0.0071344985626637936,0.7847189903259277,0.007751039229333401,1.3893743753433228
ch0_ch9_rms_diff,per-channel (ch9_rms_diff),0.3842541101067451,0.34275785341145215,0.041496256695292943,0.0012757525546476245,1.0262691974639893,-0.08074983209371567,0.9134573340415955,0.2285393923521042,1.2621479034423828
ch0_ch9_env_rms_diff,per-channel (ch9_env_rms_diff),0.383659561766197,0.3337150929809868,0.049944468785210194,0.0004853083228226751,1.0259618759155273,-0.07853493839502335,0.9102017283439636,0.21935825049877167,1.2674176692962646
ch0_ch4_env_rms_diff_roll3,temporal (ch4_env_rms_diff),0.3822249197592466,0.41857731608092436,-0.03635239632167775,-0.011331016197800636,1.012448787689209,-0.016721714287996292,0.7202479839324951,0.06404383480548859,1.5080846548080444
ch0_ch13_rms_diff_roll3,temporal (ch13_rms_diff),0.3812181774590371,0.33347764647058487,0.04774053098845221,-0.0032485031988471746,1.0004996061325073,-0.03805064409971237,0.7349886298179626,0.12598516047000885,1.4731242656707764
ch0_ch9_mav_diff,per-channel (ch9_mav_diff),0.3806469819227352,0.33310948769098137,0.04753749423175385,0.0006955324788577855,1.0206538438796997,-0.08016886562108994,0.8967784643173218,0.22321738302707672,1.28961181640625
ch0_ch13_env_rms_diff_roll3,temporal (ch13_env_rms_diff),0.3804143334108604,0.33196125630474144,0.04845307710611896,-0.0033116869162768126,1.0009124279022217,-0.03867843747138977,0.7359079122543335,0.1272122710943222,1.472779631614685
ch0_ch4_rms_diff_roll3,temporal (ch4_rms_diff),0.3797827903958382,0.41850590270962074,-0.03872311231378256,-0.012600625865161419,1.0118273496627808,-0.015708398073911667,0.7169273495674133,0.06181686371564865,1.5087970495224
ch0_ch9_env_rms_diff_prev,temporal (ch9_env_rms_diff),0.37950738345654333,0.3300940203959608,0.04941336306058253,0.0026495694182813168,0.9947449564933777,-0.0814925879240036,0.8948134183883667,0.21690185368061066,1.2743079662322998
ch4_ch9_env_rms_diff_delta,temporal (ch9_env_rms_diff),0.3794561799323122,0.11775356787724729,0.2617026120550649,-0.0008522685966454446,1.010886788368225,-0.0037934891879558563,0.7649403810501099,0.0014082381967455149,1.36288321018219
ch0_ch9_rms_diff_prev,temporal (ch9_rms_diff),0.37930976363625435,0.3381492604754662,0.041160503160788176,0.0025661529507488012,0.9958505630493164,-0.08483757078647614,0.8982085585594177,0.22542764246463776,1.2695401906967163
ch0_ch4_env_rms_diff_prev,temporal (ch4_env_rms_diff),0.3786832697936721,0.4824888424135514,-0.10380557261987927,-0.0032366777304559946,1.0108489990234375,-0.016658965498209,0.7250645160675049,0.062416017055511475,1.5032116174697876
ch0_ch4_rms_diff_prev,temporal (ch4_rms_diff),0.37787306915970165,0.4820430457989896,-0.10416997663928795,-0.0029588413890451193,1.0092570781707764,-0.016007035970687866,0.7232127785682678,0.0602785088121891,1.5022870302200317
ch9_ch13_mav_diff_delta,temporal (ch13_mav_diff),0.3763367040455538,0.16059319311493864,0.21574351093061517,-0.007872343994677067,0.9975449442863464,0.002623414620757103,0.8017328381538391,0.005599806550890207,1.3924064636230469
ch0_ch9_mav_diff_prev,temporal (ch9_mav_diff),0.37585662384015905,0.3297642513540513,0.04609237248610776,0.002338409423828125,0.9943053126335144,-0.08369729667901993,0.8869580030441284,0.22156819701194763,1.2943313121795654
ch0_ch4_mav_diff_roll3,temporal (ch4_mav_diff),0.3738298547962548,0.43815522733750606,-0.06432537254125126,-0.011186650022864342,1.011498212814331,-0.016571084037423134,0.7025613188743591,0.06308665871620178,1.531592845916748
ch0_ch4_env_rms_diff,per-channel (ch4_env_rms_diff),0.3737309323144003,0.4808956654607411,-0.10716473314634078,-0.007191377691924572,1.015526533126831,-0.015287269838154316,0.7293055057525635,0.06415019184350967,1.49898362159729
ch0_ch13_mav_diff_roll3,temporal (ch13_mav_diff),0.37259307876286607,0.35510085398220415,0.017492224780661925,-0.0030399225652217865,1.000181794166565,-0.03749693185091019,0.7231077551841736,0.12344874441623688,1.4975032806396484
ch0_ch4_rms_diff,per-channel (ch4_rms_diff),0.37171120479790476,0.4787075398286396,-0.10699633503073486,-0.008676307275891304,1.0155962705612183,-0.014091355726122856,0.7259493470191956,0.061544269323349,1.4996446371078491
ch0_ch4_mav_diff_prev,temporal (ch4_mav_diff),0.3715892889965454,0.5004247971069846,-0.1288355081104392,-0.003056732239201665,1.008711576461792,-0.016857346519827843,0.7093837857246399,0.061372656375169754,1.526787281036377
ch4_ch9_rms_diff_delta,temporal (ch9_rms_diff),0.3691065538372662,0.11784189422998495,0.2512646596072813,0.00047708104830235243,1.0104665756225586,-0.0031866806093603373,0.7784438133239746,0.0021358623635023832,1.3578459024429321
ch0_ch4_mav_diff,per-channel (ch4_mav_diff),0.36794258626612947,0.49972231214653606,-0.1317797258804066,-0.0074554611928761005,1.0150834321975708,-0.014597326517105103,0.7154878973960876,0.06322842836380005,1.5237023830413818
ch0_ch9_rms_diff_roll3,temporal (ch9_rms_diff),0.3605732980593232,0.28029995365855676,0.08027334440076644,0.0036046116147190332,1.0099689960479736,-0.08459166437387466,0.8984748721122742,0.2310102880001068,1.2670899629592896
ch0_ch9_env_rms_diff_roll3,temporal (ch9_env_rms_diff),0.3598446827940358,0.2722717785209563,0.08757290427307951,0.0026949604507535696,1.009962558746338,-0.08129531890153885,0.8954218626022339,0.2216576784849167,1.2733039855957031
ch0_ch9_mav_diff_roll3,temporal (ch9_mav_diff),0.3568311412794597,0.2736207895516039,0.08321035172785579,0.002734946785494685,1.0080803632736206,-0.08335798978805542,0.8843871355056763,0.2264624685049057,1.2927237749099731
ch4_ch13_env_rms_ratio_prev,temporal (ch13_env_rms_ratio),0.3549365969417787,0.25996072471108445,0.09497587223069426,0.008101409301161766,0.9996035099029541,-0.009026716463267803,0.9606825709342957,0.045832544565200806,1.1868523359298706
ch4_ch13_rms_ratio_prev,temporal (ch13_rms_ratio),0.3524257420561444,0.2523075050215546,0.10011823703458983,0.008278138935565948,0.9995030760765076,-0.010966078378260136,0.9573979377746582,0.05064604431390762,1.194928526878357
ch4_ch13_mav_ratio_prev,temporal (ch13_mav_ratio),0.3462648536729964,0.2510652471357118,0.0951996065372846,0.00796752329915762,0.9991452693939209,-0.00883488543331623,0.9528822898864746,0.045809306204319,1.1992741823196411
ch4_ch9_mav_diff_delta,temporal (ch9_mav_diff),0.3431184675025126,0.13114680927415828,0.21197165822835434,-0.0002170005172956735,1.0088341236114502,-0.0048806373961269855,0.7536472082138062,-0.001551732886582613,1.406418800354004
ch0_ch13_rms_ratio_prev,temporal (ch13_rms_ratio),0.3370762829526521,0.16048306973814858,0.1765932132145035,0.012631095945835114,1.0055516958236694,-0.008273614570498466,0.8380078077316284,0.044051509350538254,1.3329936265945435
ch0_ch13_env_rms_ratio_prev,temporal (ch13_env_rms_ratio),0.3336616887459074,0.15938303490738245,0.17427865383852495,0.012755682691931725,1.005063772201538,-0.007108793593943119,0.8447787165641785,0.03985345736145973,1.3312681913375854
ch9_ch13_env_rms_diff_prev,temporal (ch13_env_rms_diff),0.32996515535328325,0.42568770332235056,-0.09572254796906732,0.00429689371958375,1.0078191757202148,-0.003862327430397272,0.7360280752182007,0.025522956624627113,1.5014287233352661
ch0_ch9_env_rms_diff_delta,temporal (ch9_env_rms_diff),0.32921340230744095,0.15561869415377289,0.17359470815366806,-0.0011036150390282273,1.0136915445327759,0.00889215711504221,0.95428067445755,0.01690952107310295,1.1917059421539307
ch9_ch13_rms_diff_roll3,temporal (ch13_rms_diff),0.32886347373260433,0.3929478435027889,-0.06408436977018456,-0.006172162014991045,0.998865008354187,-0.00060463254339993,0.7322622537612915,0.018002253025770187,1.5023866891860962
ch9_ch13_rms_diff_prev,temporal (ch13_rms_diff),0.32885999053200815,0.429403763109872,-0.10054377257786384,0.004384276457130909,1.0068480968475342,-0.0010030310368165374,0.7413917183876038,0.01821931079030037,1.500238299369812
ch9_ch13_env_rms_diff_roll3,temporal (ch13_env_rms_diff),0.32880741736211194,0.39135000578806234,-0.0625425884259504,-0.005637649446725845,0.9998306035995483,-0.0037510208785533905,0.7300664186477661,0.025342321023344994,1.5029876232147217
ch0_ch13_mav_ratio_prev,temporal (ch13_mav_ratio),0.32868219727825837,0.15902257743612644,0.16965961984213193,0.012586209923028946,1.0045453310012817,-0.006864187307655811,0.8342016339302063,0.03917232155799866,1.3464447259902954
ch9_ch13_mav_diff_prev,temporal (ch13_mav_diff),0.3266257406795032,0.44102501732641236,-0.11439927664690919,0.004175173584371805,1.0072619915008545,-0.0023150111082941294,0.7325394749641418,0.02098921872675419,1.5137220621109009
ch9_ch13_mav_diff_roll3,temporal (ch13_mav_diff),0.32406566355376154,0.40749479094566116,-0.08342912739189962,-0.005324788391590118,0.9989579916000366,-0.0020635551773011684,0.7245947122573853,0.02072710357606411,1.5168142318725586
ch0_ch9_rms_diff_delta,temporal (ch9_rms_diff),0.3236775704578477,0.1553532528903217,0.16832431756752597,-0.0003724601701833308,1.014509916305542,0.010426594875752926,0.9493768215179443,0.016293490305542946,1.2111722230911255
ch9_ch13_env_rms_diff,per-channel (ch13_env_rms_diff),0.3213500350149161,0.41954381718620626,-0.09819378217129016,-0.007309746462851763,0.9993594884872437,-0.0032860024366527796,0.7366114854812622,0.026015041396021843,1.4955470561981201
ch9_ch13_rms_diff,per-channel (ch13_rms_diff),0.32098051393598215,0.4231184292564244,-0.10213791532044225,-0.007262284401804209,0.998309850692749,-3.408660995773971e-05,0.7374277114868164,0.018882323056459427,1.4932570457458496
ch0_ch13_rms_ratio,per-channel (ch13_rms_ratio),0.31879152070004874,0.17142808495353928,0.14736343574650945,-0.0068317679688334465,0.9981963634490967,-0.008157926611602306,0.8327687978744507,0.04034237936139107,1.3293966054916382
ch0_ch9_rms_ratio_prev,temporal (ch9_rms_ratio),0.31698259130437234,0.24521221486236175,0.07177037644201059,0.005059084389358759,0.9921336770057678,-0.04348752275109291,0.9879521727561951,0.1251191645860672,1.0171020030975342
ch4_ch13_rms_diff_roll3,temporal (ch13_rms_diff),0.31694997686376863,0.22163793119811342,0.09531204566565521,0.002777179703116417,1.0029217004776,-0.052634164690971375,0.8270466327667236,0.14217014610767365,1.3574832677841187
ch9_ch13_mav_diff,per-channel (ch13_mav_diff),0.3168957120179346,0.4358312390959508,-0.11893552707801619,-0.007049259264022112,0.9978809356689453,-0.0014668714720755816,0.72659832239151,0.022148963063955307,1.509970784187317
ch0_ch13_rms_ratio_roll3,temporal (ch13_rms_ratio),0.3165347963680217,0.16536763585042555,0.15116716051759613,-0.0020138672553002834,1.0040678977966309,-0.009586820378899574,0.8232199549674988,0.04325662553310394,1.3570233583450317
ch0_ch9_env_rms_ratio_prev,temporal (ch9_env_rms_ratio),0.31589881209413606,0.23834799030608864,0.07755082178804742,0.00522313266992569,0.9923383593559265,-0.04193669557571411,0.9906052947044373,0.1223965734243393,1.021906852722168
ch0_rms_roll5,temporal (rms),0.31502876173662725,0.5734162572074615,-0.2583874954708342,0.007657807320356369,1.0026533603668213,-0.223158597946167,0.7691430449485779,0.581074059009552,1.2586506605148315
ch0_ch13_env_rms_ratio,per-channel (ch13_env_rms_ratio),0.31421810554544466,0.17210373167805965,0.142114373867385,-0.0068012867122888565,0.99845951795578,-0.007481939624994993,0.8289154767990112,0.0366240032017231,1.3289711475372314
ch0_env_rms_roll5,temporal (env_rms),0.3141796848914529,0.5671749694150237,-0.25299528452357073,0.007295394781976938,1.0019458532333374,-0.22045573592185974,0.7732909321784973,0.5744704008102417,1.2587645053863525
ch4_ch13_rms_diff_prev,temporal (ch13_rms_diff),0.3127872203680279,0.23368298117380187,0.07910423919422604,0.007893858477473259,1.0048935413360596,-0.051230981945991516,0.8324209451675415,0.13724009692668915,1.3559108972549438
ch0_ch13_env_rms_ratio_roll3,temporal (ch13_env_rms_ratio),0.31253444845946854,0.1673935064910682,0.14514094196840033,-0.0017748195677995682,1.0039602518081665,-0.008556137792766094,0.825996994972229,0.039260443300008774,1.3570927381515503
ch0_mav_roll5,temporal (mav),0.3115556107933527,0.5694408805949602,-0.25788526980160753,0.007291311863809824,1.0020923614501953,-0.2213224172592163,0.7697975635528564,0.5767321586608887,1.264351725578308
ch4_ch13_rms_diff,per-channel (ch13_rms_diff),0.31091611637338573,0.2343031991685241,0.07661291720486163,-0.0011891996255144477,1.0006661415100098,-0.05272736772894859,0.8135569095611572,0.14040136337280273,1.3475985527038574
ch4_ch13_env_rms_diff_roll3,temporal (ch13_env_rms_diff),0.31018340172798353,0.2153725485521905,0.09481085317579302,0.0022404564078897238,1.0032882690429688,-0.05212218686938286,0.837393581867218,0.13955728709697723,1.346699833869934
ch0_ch13_mav_ratio,per-channel (ch13_mav_ratio),0.3084286158785788,0.17353021136748753,0.13489840451109125,-0.006926556583493948,0.9983506798744202,-0.0061610061675310135,0.8342320322990417,0.03588278964161873,1.3472493886947632
rest_activity,other,0.30770791457138275,0.6273183520041542,-0.31961043743277145,0.005354682449251413,0.9987443685531616,-0.2482685148715973,0.7914751172065735,0.6310921907424927,1.1713364124298096
ch0_ch9_mav_ratio_prev,temporal (ch9_mav_ratio),0.30761964679020554,0.23338179828932484,0.0742378485008807,0.004982944577932358,0.9926856756210327,-0.044320784509181976,0.9780323505401611,0.127081036567688,1.0362662076950073
ch4_ch13_env_rms_diff_prev,temporal (ch13_env_rms_diff),0.30719469030785307,0.2279986496126326,0.07919604069522046,0.00766223156824708,1.005704641342163,-0.050739530473947525,0.8393403887748718,0.13640737533569336,1.3482418060302734
ch0_ch13_mav_ratio_roll3,temporal (ch13_mav_ratio),0.30710038655006255,0.17495683554458,0.13214355100548256,-0.0019192975014448166,1.0041207075119019,-0.00794228632003069,0.818160355091095,0.03823504224419594,1.3717514276504517
rest_activity_roll3,other,0.3050666045416815,0.6283537790566007,-0.32328717451491923,0.005415608640760183,1.001578450202942,-0.24839529395103455,0.7945468425750732,0.6337693929672241,1.1705321073532104
ch4_ch13_env_rms_diff,per-channel (ch13_env_rms_diff),0.30487660157278273,0.22736482623537313,0.0775117753374096,-0.0022221961989998817,1.0023725032806396,-0.05305059999227524,0.8263909220695496,0.13824568688869476,1.3355892896652222
ch4_ch9_env_rms_diff_roll3,temporal (ch9_env_rms_diff),0.3034274358871064,0.4387997838255363,-0.1353723479384299,0.012574047781527042,1.003118872642517,-0.013985926285386086,0.6908157467842102,0.03310443460941315,1.5411701202392578
ch0_rms_roll3,temporal (rms),0.3034117054216172,0.5732020836781478,-0.2697903782565306,0.004106498789042234,1.0014172792434692,-0.2217782586812973,0.7720990180969238,0.5773085951805115,1.2577136754989624
ch0_env_rms_roll3,temporal (env_rms),0.302636473628164,0.567254956205233,-0.26461848257706905,0.003938555717468262,1.0013025999069214,-0.21934020519256592,0.7760506272315979,0.571193516254425,1.2578704357147217
ch9_env_rms_roll5,temporal (env_rms),0.30198674485899696,0.5601394615710825,-0.25815271671208556,0.004971948452293873,1.0000592470169067,-0.21904629468917847,0.7671665549278259,0.5651113986968994,1.2757518291473389
ch9_rms_roll5,temporal (rms),0.3006674730369854,0.5609476097315043,-0.2602801366945189,0.005027027800679207,1.0005409717559814,-0.2193678766489029,0.7681500911712646,0.5659746527671814,1.2745689153671265
ch4_ch9_rms_diff_roll3,temporal (ch9_rms_diff),0.3004715574893187,0.43797966061542737,-0.13750810312610867,0.014449513517320156,1.0021889209747314,-0.01738392375409603,0.6914381980895996,0.041105013340711594,1.5388007164001465
ch0_mav_roll3,temporal (mav),0.3000974581067895,0.5700064782397035,-0.269909020132914,0.0040489970706403255,1.0012781620025635,-0.2204766571521759,0.7711641192436218,0.5740554928779602,1.2645329236984253
ch9_mav_roll5,temporal (mav),0.2999296755896649,0.5597580046557513,-0.25982832906608644,0.005009707994759083,1.0002055168151855,-0.21901488304138184,0.7651063799858093,0.5647677183151245,1.2770403623580933
ch13_rms_roll3,temporal (rms),0.29940939412669265,0.5692257405349405,-0.2698163464082478,0.004621325060725212,0.9973270297050476,-0.22965224087238312,0.8392404317855835,0.5738470554351807,1.115525722503662
ch4_ch13_mav_diff_roll3,temporal (ch13_mav_diff),0.2988904028455899,0.21678726781474522,0.08210313503084465,0.002370760077610612,1.0031036138534546,-0.05344543606042862,0.8345924019813538,0.14317698776721954,1.3607457876205444
extensor_activity_roll3,cross-channel,0.2986830296871562,0.5902367314062215,-0.29155370171906525,0.006940173916518688,1.000768780708313,-0.23763495683670044,0.8285375833511353,0.5971769094467163,1.124619483947754
ch13_wl_roll3,temporal (wl),0.29831428993319364,0.6108247170304975,-0.3125104270973038,0.004970904905349016,1.0016751289367676,-0.24570263922214508,0.837273120880127,0.6157955527305603,1.1165105104446411
ch13_env_rms_roll3,temporal (env_rms),0.2982971008555517,0.5657719060489926,-0.2674748051934409,0.004594204481691122,0.9978328347206116,-0.2282092124223709,0.8431790471076965,0.5703661441802979,1.1137624979019165
ch4_ch9_mav_diff_roll3,temporal (ch9_mav_diff),0.2973330055294499,0.4596023991093018,-0.16226939357985187,0.012528120540082455,1.0012495517730713,-0.015438816510140896,0.6777106523513794,0.0374942310154438,1.55696439743042
ch4_ch13_mav_diff_prev,temporal (ch13_mav_diff),0.29614099653807496,0.22871039863621517,0.06743059790185979,0.0072243246249854565,1.0053436756134033,-0.051609329879283905,0.838394284248352,0.13942760229110718,1.3604066371917725
extensor_activity,cross-channel,0.29581702882286454,0.5857227711450645,-0.2899057423222,0.0070808264426887035,1.0000615119934082,-0.23741093277931213,0.8234068155288696,0.5928036570549011,1.1254446506500244
ch13_mav_roll3,temporal (mav),0.2957396091361845,0.5711047802955439,-0.2753651711593594,0.004447595216333866,0.9970284700393677,-0.23030449450016022,0.8422152996063232,0.5755523443222046,1.1192947626113892
rest_activity_prev,other,0.2954226271508802,0.6210721491403547,-0.3256495219894745,0.0018678458873182535,1.0106393098831177,-0.24231643974781036,0.7962586283683777,0.6211022138595581,1.178436040878296
ch0_ch9_rms_ratio,per-channel (ch9_rms_ratio),0.29495834102442636,0.2432338479123844,0.05172449311204197,0.005225879605859518,1.0037051439285278,-0.05726712942123413,1.0293954610824585,0.15885597467422485,1.0669654607772827
ch13_rms_roll5,temporal (rms),0.2948070103600602,0.5736212872659753,-0.2788142769059151,0.004593441728502512,0.9949648380279541,-0.23060910403728485,0.8427051305770874,0.578214704990387,1.1160191297531128
ch0_ch9_mav_diff_delta,temporal (ch9_mav_diff),0.2934481820766137,0.13277346945358215,0.16067471262303157,-0.0006817585090175271,1.0114202499389648,0.009779288433492184,0.9507656097412109,0.012424013577401638,1.2349505424499512
ch0_ch4_env_rms_ratio_roll3,temporal (ch4_env_rms_ratio),0.2933084273876506,0.20491326734946674,0.08839516003818387,-0.004247766453772783,0.9980382919311523,-0.006787105463445187,0.8378557562828064,0.025577913969755173,1.2947109937667847
ch13_wl_roll5,temporal (wl),0.2932180331442232,0.6132286979951452,-0.32001066485092206,0.004631237592548132,0.9997996091842651,-0.24596375226974487,0.8387693166732788,0.6178598999977112,1.1147780418395996
ch13_env_rms_roll5,temporal (env_rms),0.2927537900230201,0.5698871658859286,-0.2771333758629085,0.004308680072426796,0.9947584271430969,-0.22894781827926636,0.846402108669281,0.574195921421051,1.1143827438354492
ch0_ch4_rms_ratio_roll3,temporal (ch4_rms_ratio),0.29255408706866476,0.19994550363451583,0.09260858343414893,-0.005878719035536051,0.9977152943611145,-0.007382875774055719,0.8355106115341187,0.02758670784533024,1.2934259176254272
ch4_ch13_mav_diff,per-channel (ch13_mav_diff),0.29232204823320224,0.22690669040672928,0.06541535782647295,-0.0017782434588298202,1.0015745162963867,-0.05451177433133125,0.8278366327285767,0.1419650763273239,1.3503834009170532
ch4_wl_roll5,temporal (wl),0.2919892840826104,0.6239419892401337,-0.3319527051575233,0.009255818091332912,1.0045199394226074,-0.24837827682495117,0.8164860010147095,0.6331860423088074,1.1360361576080322
flexor_activity_roll3,cross-channel,0.29130767334636765,0.5771877136609245,-0.2858800403145568,0.0030504611786454916,1.0007983446121216,-0.22394245862960815,0.7673294544219971,0.5802381634712219,1.2611390352249146
ch4_rms_roll5,temporal (rms),0.2910896264783972,0.5780866606178373,-0.2869970341394401,0.009934107773005962,1.003651738166809,-0.23156161606311798,0.8214787244796753,0.5880207419395447,1.1520425081253052
ch13_wl,shape,0.29049399962402744,0.6078783677872965,-0.3173843681632691,0.0059801870957016945,0.9986009001731873,-0.24553725123405457,0.8306535482406616,0.6136797666549683,1.1195087432861328
ch13_mav_roll5,temporal (mav),0.2901081155428423,0.5748990004729777,-0.2847908849301354,0.004156333394348621,0.9943909049034119,-0.23099690675735474,0.8445895314216614,0.5790552496910095,1.1193183660507202
ch0_ch4_mav_ratio_roll3,temporal (ch4_mav_ratio),0.289971920108426,0.2091782206715636,0.08079369943686238,-0.004290005192160606,0.9977392554283142,-0.006871351972222328,0.8295160531997681,0.025729581713676453,1.3112261295318604
ch0_ch9_env_rms_ratio,per-channel (ch9_env_rms_ratio),0.2896548828998873,0.23327593885415232,0.05637894404573496,0.00446312315762043,1.003292202949524,-0.05680117756128311,1.0191192626953125,0.15526799857616425,1.0678904056549072
ch9_env_rms_roll3,temporal (env_rms),0.28921398334848325,0.5606492828179157,-0.27143529946943246,0.002410776214674115,1.0014958381652832,-0.21818135678768158,0.76749587059021,0.5628724098205566,1.276160478591919
ch4_env_rms_roll5,temporal (env_rms),0.28882228958981215,0.5711679193805401,-0.28234562979072797,0.009479044936597347,1.0038310289382935,-0.22867590188980103,0.8247829675674438,0.5806469917297363,1.1515991687774658
ch9_rms_roll3,temporal (rms),0.2874031867607702,0.561406464196998,-0.2740032774362278,0.002085804706439376,1.0008361339569092,-0.21823643147945404,0.768338143825531,0.5633293390274048,1.2748756408691406
ch9_mav_roll3,temporal (mav),0.2873653496845694,0.5603385072440185,-0.27297315755944906,0.0024405913427472115,1.0009726285934448,-0.21812918782234192,0.7660201191902161,0.5626562237739563,1.2777597904205322
ch4_mav_roll5,temporal (mav),0.2869179052124717,0.5751635180049725,-0.28824561279250077,0.009495096281170845,1.0035728216171265,-0.2299877107143402,0.8232806921005249,0.5846586227416992,1.154448390007019
ch4_ch9_env_rms_ratio_roll3,temporal (ch9_env_rms_ratio),0.28542730702624286,0.27061000947976455,0.014817297546478314,0.007795542012900114,0.996528685092926,-0.09818895161151886,0.7885196208953857,0.24253763258457184,1.3613624572753906
ch4_ch9_rms_ratio_roll3,temporal (ch9_rms_ratio),0.2846482908973441,0.2668197753471838,0.017828515550160295,0.010031115263700485,0.9960123300552368,-0.09940483421087265,0.7856946587562561,0.24430738389492035,1.3615328073501587
ch13_env_rms,envelope,0.28358275972374286,0.5589913933806347,-0.2754086336568919,0.007198202423751354,0.9992740750312805,-0.22778606414794922,0.8369644284248352,0.5661829710006714,1.11414635181427
ch0_ch4_rms_ratio_prev,temporal (ch4_rms_ratio),0.28273814644195105,0.19981592050570146,0.0829222259362496,0.007363630458712578,1.0013201236724854,-0.0052659655921161175,0.8480051159858704,0.02899438887834549,1.2728022336959839
ch0_ch4_env_rms_ratio_prev,temporal (ch4_env_rms_ratio),0.28270149643787584,0.20070411737848526,0.08199737905939058,0.007995566353201866,1.001978874206543,-0.004720193799585104,0.851442277431488,0.02693178318440914,1.2711607217788696
ch13_env_mean,envelope,0.28259618021105776,0.5652419963255922,-0.2826458161145345,0.007136193569749594,0.998611569404602,-0.23023425042629242,0.8359900116920471,0.5722042918205261,1.1199573278427124
extensor_activity_prev,cross-channel,0.28240137816287,0.58424088129735,-0.30183950313448,0.0004878721374552697,1.0120813846588135,-0.23085927963256836,0.8300575613975525,0.5846229195594788,1.1350194215774536
ch4_rms_roll3,temporal (rms),0.2821996148958385,0.5750542641688657,-0.29285464927302723,0.00883376132696867,1.0065499544143677,-0.23090393841266632,0.8168980479240417,0.5838879942893982,1.1550467014312744
ch0_ch9_mav_ratio,per-channel (ch9_mav_ratio),0.2821545635149389,0.22766661862550974,0.05448794488942915,0.004570286720991135,1.0037587881088257,-0.05896756052970886,1.014874815940857,0.16003768146038055,1.0842050313949585
ch13_iemg,amplitude,0.2818560442060234,0.5644567873706962,-0.28260074316467276,0.006786111742258072,0.9979453682899475,-0.22988346219062805,0.8356844186782837,0.5711612701416016,1.1205321550369263
ch13_mav,amplitude,0.2818559254064356,0.5644566673625229,-0.28260074195608725,0.00678611034527421,0.9979449510574341,-0.22988340258598328,0.8356841802597046,0.5711610913276672,1.1205317974090576
ch13_rms,amplitude,0.2817977719188015,0.5620571477042939,-0.2802593757854924,0.006613391917198896,0.9982308149337769,-0.22897320985794067,0.8323782086372375,0.5686414837837219,1.1160812377929688
ch0_rms,amplitude,0.28030811755993196,0.5713185424123592,-0.2910104248524273,0.0021876103710383177,0.9922495484352112,-0.22025343775749207,0.7751610279083252,0.5734692811965942,1.2582025527954102
ch0_ch4_mav_ratio_prev,temporal (ch4_mav_ratio),0.28016358791541196,0.20193973650216318,0.07822385141324878,0.00797425489872694,1.0022625923156738,-0.005034768953919411,0.8416125178337097,0.027035187929868698,1.2893391847610474
ch0_env_rms,envelope,0.2801474063440924,0.5656734761800233,-0.2855260698359309,0.0026042608078569174,0.9935815334320068,-0.2183525562286377,0.7774454355239868,0.5681912302970886,1.2583483457565308
ch4_wl_roll3,temporal (wl),0.27981993454804804,0.6233524026404597,-0.3435324680924116,0.00788059365004301,1.0072999000549316,-0.2480124682188034,0.8151301145553589,0.6312330365180969,1.137734055519104
ch4_ch9_mav_ratio_roll3,temporal (ch9_mav_ratio),0.27961581660319423,0.290521444928025,-0.010905628324830774,0.007727047894150019,0.9956440925598145,-0.10209032893180847,0.7831685543060303,0.25308215618133545,1.3767184019088745
ch4_env_rms_roll3,temporal (env_rms),0.2795686611907434,0.5688084384124645,-0.2892397772217211,0.008132399059832096,1.007015585899353,-0.22813743352890015,0.8211007714271545,0.5769408941268921,1.1538268327713013
ch13_env_max,envelope,0.2792907549280537,0.5402129374929466,-0.2609221825648929,0.007664544973522425,1.0026793479919434,-0.21935029327869415,0.8393862247467041,0.5478774905204773,1.1170927286148071
ch0_env_mean,envelope,0.2788731735332224,0.5692853462890263,-0.2904121727558039,0.0027014994993805885,0.9938400387763977,-0.2198372632265091,0.7726667523384094,0.5719833374023438,1.2659621238708496
ch0_ch4_rms_ratio,per-channel (ch4_rms_ratio),0.2784071735867615,0.2181614392790529,0.060245734307708576,-0.0035050257574766874,0.9991167783737183,-0.00452750688418746,0.8574629426002502,0.02710556983947754,1.2861340045928955
ch4_wl,shape,0.27836661677282915,0.6271212478238748,-0.34875463105104565,0.004774474073201418,1.0047308206558228,-0.2479170262813568,0.8127596974372864,0.6292067766189575,1.140108346939087
ch0_env_max,envelope,0.2779463661494847,0.5526592937045709,-0.2747129275550862,0.0021453811787068844,0.9923180341720581,-0.21326598525047302,0.7859278917312622,0.5545048117637634,1.242173671722412
ch0_iemg,amplitude,0.277879969391521,0.5687378503191878,-0.2908578809276668,0.0024325840640813112,0.9933708310127258,-0.21935011446475983,0.7727010846138,0.5711598992347717,1.2661343812942505
ch0_mav,amplitude,0.27787966072516807,0.5687377478457849,-0.29085808712061684,0.0024325845297425985,0.9933701753616333,-0.21935009956359863,0.7727009654045105,0.5711597800254822,1.2661341428756714
ch13_wl_prev,temporal (wl),0.27782770110750465,0.6036719675743756,-0.3258442664668709,-9.827270696405321e-05,1.0115469694137573,-0.23898951709270477,0.8390389680862427,0.6025874614715576,1.126234531402588
ch4_mav_roll3,temporal (mav),0.27770860805253217,0.5733489786062222,-0.2956403705536901,0.008131898008286953,1.0064929723739624,-0.22966034710407257,0.8199975490570068,0.581480860710144,1.156459093093872
flexor_activity,cross-channel,0.2773720599723754,0.5779246576261494,-0.300552597653774,0.001157713239081204,0.9949202537536621,-0.2230660319328308,0.7665677070617676,0.5771228075027466,1.2619273662567139
ch0_ch4_env_rms_ratio,per-channel (ch4_env_rms_ratio),0.2760999236352297,0.22142092542938827,0.05467899820584146,-0.0018376344814896584,0.9990729689598083,-0.0038921982049942017,0.8554569482803345,0.02501482330262661,1.287003755569458
ch0_rms_prev,temporal (rms),0.27525774120484153,0.561873129149359,-0.2866153879445175,0.004757473710924387,1.0108236074447632,-0.21677786111831665,0.772209107875824,0.5654858946800232,1.2596508264541626
ch0_env_rms_prev,temporal (env_rms),0.27446645150156807,0.5565268404373608,-0.2820603889357927,0.00461602583527565,1.0112800598144531,-0.21451881527900696,0.7773616313934326,0.5601519346237183,1.2600172758102417
ch0_wl_roll5,temporal (wl),0.2742725834877888,0.5832464646591146,-0.30897388117132574,0.006518000736832619,1.0046741962432861,-0.2250785529613495,0.790129542350769,0.5897267460823059,1.2317255735397339
ch0_mav_prev,temporal (mav),0.2734085675558134,0.5593675564447347,-0.2859589888889213,0.004831445869058371,1.0113242864608765,-0.21580751240253448,0.7718615531921387,0.5631744861602783,1.2676478624343872
ch0_ch4_mav_ratio,per-channel (ch4_mav_ratio),0.2729723428730905,0.22351561901622963,0.049456723856860896,-0.0021662383805960417,0.9994325637817383,-0.00362001801840961,0.8517271876335144,0.024996142834424973,1.3059581518173218
ch9_env_mean,envelope,0.2722853822732774,0.5610827721809208,-0.2887973899076434,0.001035186811350286,1.0002799034118652,-0.21793678402900696,0.7646532654762268,0.5608507394790649,1.2794886827468872
ch4_rms,amplitude,0.2722748555252602,0.5731391886148632,-0.30086433308960303,0.005620202515274286,1.003612756729126,-0.23022525012493134,0.8133306503295898,0.5787590742111206,1.1556024551391602
ch9_env_rms,envelope,0.2722655329035762,0.5607797721107342,-0.28851423920715796,0.0009177387109957635,1.0001941919326782,-0.21776874363422394,0.7664622068405151,0.560330331325531,1.2770520448684692
ch13_wl_prev2,temporal (wl),0.27202153075867463,0.5823381962743375,-0.31031666551566284,0.005776738282293081,0.9955166578292847,-0.2330777645111084,0.8426319360733032,0.587862491607666,1.1365021467208862
ch9_iemg,amplitude,0.27126985896470096,0.5605756094220273,-0.28930575045732637,0.0006634712335653603,0.9991732835769653,-0.21755702793598175,0.7634161114692688,0.5601227283477783,1.27975332736969
ch9_mav,amplitude,0.2712696457209566,0.5605754939882446,-0.289305848267288,0.0006634701858274639,0.9991726875305176,-0.21755699813365936,0.7634159326553345,0.5601226091384888,1.2797530889511108
flexor_activity_prev,cross-channel,0.27078423885591685,0.5686011052369718,-0.297816866381055,0.003807348432019353,1.0069358348846436,-0.21876901388168335,0.770684003829956,0.5690498948097229,1.2641613483428955
ch4_env_rms,envelope,0.2705871748132635,0.5672106064918375,-0.296623431678574,0.005313519854098558,1.0039349794387817,-0.22788293659687042,0.8189247846603394,0.5725240707397461,1.1532953977584839
ch4_wl_prev,temporal (wl),0.2701732676693144,0.616075898585107,-0.34590263091579265,0.006828894838690758,1.0145219564437866,-0.24181383848190308,0.8157198429107666,0.6179289221763611,1.147850513458252
ch4_env_mean,envelope,0.2701313991619705,0.5730857434296311,-0.30295434426766066,0.005377670284360647,1.0039278268814087,-0.22990566492080688,0.8177686333656311,0.578451931476593,1.1556971073150635
ch9_rms,amplitude,0.26993011063435046,0.560986491283847,-0.29105638064949657,0.00025574059691280127,0.9995102286338806,-0.21762359142303467,0.7660514116287231,0.5600132346153259,1.2754757404327393
ch13_env_rms_prev,temporal (env_rms),0.2695885612355888,0.5611141107700819,-0.2915255495344931,-0.0022067902609705925,1.0092617273330688,-0.2215370386838913,0.8441812992095947,0.5585874915122986,1.1237250566482544
ch4_iemg,amplitude,0.2695667808986077,0.5722362778286393,-0.3026694969300316,0.005246079992502928,1.003640055656433,-0.22965501248836517,0.8167179822921753,0.5774809718132019,1.156450629234314
ch4_mav,amplitude,0.2695666063222253,0.5722361638286201,-0.3026695575063948,0.005246079992502928,1.0036394596099854,-0.2296549677848816,0.816717803478241,0.5774808526039124,1.1564505100250244
ch13_mav_prev,temporal (mav),0.2679221423311414,0.5660239945731618,-0.29810185224202035,-0.0018172399140894413,1.008976697921753,-0.2234973907470703,0.8429140448570251,0.5635266900062561,1.1289854049682617
ch13_rms_prev,temporal (rms),0.26785377838193897,0.5641018102321845,-0.29624803185024556,-0.002313418546691537,1.0091289281845093,-0.22228877246379852,0.8412951827049255,0.5611583590507507,1.125898838043213
ch13_env_rms_prev2,temporal (env_rms),0.2678012504858529,0.5397595402872838,-0.2719582898014309,0.006230535451322794,0.9932375550270081,-0.21667900681495667,0.8490068912506104,0.5458595752716064,1.1318360567092896
ch13_rms_prev2,temporal (rms),0.2669395630822654,0.541706813103801,-0.27476725002153557,0.00686935568228364,0.9938454627990723,-0.21772852540016174,0.8456363677978516,0.548416793346405,1.1329197883605957
ch0_wl_roll3,temporal (wl),0.2668207639341837,0.5832284095300007,-0.31640764559581697,0.004422848112881184,1.0038114786148071,-0.22461692988872528,0.7897331714630127,0.5876513123512268,1.2324588298797607
ch13_mav_prev2,temporal (mav),0.26582345888691084,0.5449250630792315,-0.27910160419232066,0.0060025593265891075,0.9927656054496765,-0.21870552003383636,0.8485860824584961,0.5507904291152954,1.1370710134506226
ch0_rms_prev2,temporal (rms),0.26549749001628875,0.551611563672717,-0.28611407365642827,0.002507564378902316,1.0008981227874756,-0.2127622365951538,0.7825356125831604,0.5531773567199707,1.2608367204666138
ch0_ch9_rms_ratio_roll3,temporal (ch9_rms_ratio),0.2654589365294118,0.19914742469120458,0.06631151183820724,0.006218023598194122,1.0019354820251465,-0.062836192548275,1.0014499425888062,0.16506175696849823,1.06460440158844
ch9_env_max,envelope,0.2649756611366319,0.5558710114533268,-0.29089535031669495,-0.0002599468280095607,1.0036990642547607,-0.21587681770324707,0.7692908048629761,0.5529869198799133,1.272647500038147
ch0_env_rms_prev2,temporal (env_rms),0.26474458567210213,0.5469284805429346,-0.2821838948708325,0.0020108171738684177,1.0001354217529297,-0.21078580617904663,0.7839884757995605,0.5481634140014648,1.2614332437515259
ch4_env_max,envelope,0.2647363206206194,0.5479464471948039,-0.2832101265741845,0.004335848614573479,1.0063912868499756,-0.22034329175949097,0.8219354152679443,0.5522822737693787,1.1570905447006226
ch0_wl,shape,0.2646443272072553,0.5832210719337594,-0.3185767447265041,0.0026309702079743147,0.9957813620567322,-0.22413915395736694,0.7885397672653198,0.5853510499000549,1.2337344884872437
ch9_env_rms_prev,temporal (env_rms),0.2643820006811514,0.5510998340571203,-0.28671783337596884,0.002919756807386875,1.0055980682373047,-0.2128879576921463,0.7730779051780701,0.5527724027633667,1.2786931991577148
ch9_mav_prev,temporal (mav),0.2643420181893756,0.5503567032567823,-0.28601468506740674,0.003225049003958702,1.005371332168579,-0.21279579401016235,0.7718611359596252,0.5522757172584534,1.2806297540664673
ch9_rms_prev,temporal (rms),0.2633034512589827,0.5504184438659157,-0.28711499260693296,0.0029756627045571804,1.004629373550415,-0.21259190142154694,0.7751960158348083,0.5526099801063538,1.2777446508407593
ch0_mav_prev2,temporal (mav),0.2632826117868552,0.5491879544640701,-0.2859053426772149,0.002239431254565716,1.001023530960083,-0.21192987263202667,0.7779621481895447,0.5507115721702576,1.2686585187911987
ch4_rms_prev,temporal (rms),0.2629564928800309,0.5658887806430618,-0.3029322877630309,0.004973117262125015,1.0130506753921509,-0.22448281943798065,0.820823073387146,0.5708097219467163,1.1641128063201904
ch4_env_rms_prev,temporal (env_rms),0.2614920644556973,0.5602695083912718,-0.2987774439355745,0.0049569192342460155,1.01431405544281,-0.22234436869621277,0.8221937417984009,0.5649933218955994,1.1628613471984863
ch9_wl_roll5,temporal (wl),0.2608029957956042,0.5447068028004202,-0.283903807004816,0.004733856301754713,1.0041390657424927,-0.21253961324691772,0.7956873178482056,0.5494406223297119,1.2357244491577148
ch0_ch9_env_rms_ratio_roll3,temporal (ch9_env_rms_ratio),0.2604412017227712,0.18856057610614158,0.07188062561662961,0.005350201856344938,1.0013178586959839,-0.06092295050621033,0.9986003041267395,0.16039057075977325,1.0676847696304321
ch4_mav_prev,temporal (mav),0.2603942887583763,0.5655267991410393,-0.30513251038266304,0.005054915323853493,1.0130630731582642,-0.22363491356372833,0.8222354054450989,0.5695045590400696,1.1662393808364868
ch4_ch13_rms_ratio,per-channel (ch13_rms_ratio),0.2602763205391199,0.19076622993483378,0.06951009060428615,-0.004900562111288309,0.9960874915122986,-0.019377266988158226,0.9258295297622681,0.05834648385643959,1.2259098291397095
ch4_ch13_env_rms_ratio,per-channel (ch13_env_rms_ratio),0.260093812308209,0.19021524572954385,0.06987856657866515,-0.00570723507553339,0.9961575865745544,-0.01822487637400627,0.924607515335083,0.05301576852798462,1.208877682685852
ch0_maxamp,amplitude,0.2595429657753422,0.5653977126727112,-0.305854746897369,-0.0006863863090984523,0.985899031162262,-0.21536259353160858,0.7940956354141235,0.5642309188842773,1.242800235748291
ch0_wl_prev,temporal (wl),0.25903626580533184,0.5718995871656177,-0.3128633213602859,0.005676844157278538,1.0114920139312744,-0.2192835956811905,0.7921301126480103,0.5751415491104126,1.235981822013855
ch4_wl_prev2,temporal (wl),0.2590061192377744,0.600244457217309,-0.3412383379795346,0.005296751856803894,1.0042304992675781,-0.2363039255142212,0.8184352517127991,0.6025793552398682,1.1560527086257935
ch9_wl,shape,0.258272641132978,0.5436026470122471,-0.28533000587926916,0.002350944560021162,1.0003210306167603,-0.21164999902248383,0.7938737869262695,0.5457243919372559,1.237252950668335
ch13_maxamp,amplitude,0.2578448545309406,0.5489626443310743,-0.29111778980013375,0.005945222452282906,1.0001671314239502,-0.2240615040063858,0.8226723670959473,0.5547611713409424,1.1266180276870728
ch4_rms_prev2,temporal (rms),0.25779347407977105,0.5508766267206177,-0.2930831526408466,0.008253096602857113,1.0058966875076294,-0.22032815217971802,0.816989541053772,0.5591297745704651,1.1703537702560425
ch4_maxamp,amplitude,0.25665449725490364,0.5702253294985439,-0.31357083224364024,0.003541806945577264,1.0013903379440308,-0.22774775326251984,0.8043473362922668,0.5737630128860474,1.1632322072982788
ch9_env_rms_prev2,temporal (env_rms),0.25632266888337774,0.5400708155963793,-0.2837481467130015,0.001954409060999751,1.0009081363677979,-0.20982924103736877,0.7741326689720154,0.5408568978309631,1.2805731296539307
ch4_ch9_env_rms_ratio,per-channel (ch9_env_rms_ratio),0.25554517165461826,0.29858010355167003,-0.043034931897051765,0.0027821289841085672,0.9985529184341431,-0.0982237458229065,0.7824482917785645,0.23669570684432983,1.350753664970398
ch9_mav_prev2,temporal (mav),0.2554276518424496,0.5394201698295875,-0.2839925179871379,0.0019515444291755557,1.0010498762130737,-0.2096685916185379,0.772710919380188,0.5401540994644165,1.2814629077911377
ch4_env_rms_prev2,temporal (env_rms),0.2553326545270556,0.5462838291513828,-0.29095117462432724,0.007308044005185366,1.0053399801254272,-0.2177344709634781,0.8215832114219666,0.5535918474197388,1.1699841022491455
ch9_rms_prev2,temporal (rms),0.25460122632839777,0.539616241896564,-0.2850150155681662,0.0018751505995169282,0.9997484683990479,-0.20958206057548523,0.7769855856895447,0.5406267046928406,1.279126763343811
ch4_ch9_rms_ratio,per-channel (ch9_rms_ratio),0.25445526957764897,0.2932659083474427,-0.03881063876979374,0.004506836645305157,0.997268795967102,-0.09881678223609924,0.7782715559005737,0.23770646750926971,1.3497369289398193
ch4_mav_prev2,temporal (mav),0.2543395706001783,0.5500758192706515,-0.2957362486704732,0.007283943705260754,1.0057851076126099,-0.2191077172756195,0.8214151263237,0.5572909712791443,1.1729148626327515
ch0_ch9_mav_ratio_roll3,temporal (ch9_mav_ratio),0.25390278633982516,0.18602484523978297,0.0678779411000422,0.00545205594971776,1.001119613647461,-0.06351573020219803,0.9895375370979309,0.16592952609062195,1.082646131515503
ch9_ch13_env_rms_ratio_prev,temporal (ch13_env_rms_ratio),0.25317298034277014,0.19014984941510168,0.06302313092766845,0.009904153645038605,1.0063692331314087,0.023252690210938454,0.8803967237472534,-0.03056611306965351,1.3539390563964844
ch9_wl_roll3,temporal (wl),0.25252188894080824,0.5448958197000174,-0.2923739307592092,0.002899199491366744,1.0024369955062866,-0.21202555298805237,0.7958096861839294,0.5477950572967529,1.2360014915466309
ch4_ch9_mav_ratio,per-channel (ch9_mav_ratio),0.2508417354579275,0.31767308055017673,-0.06683134509224925,0.0029452992603182793,0.9972255229949951,-0.10220841318368912,0.7770898342132568,0.24656181037425995,1.3648375272750854
ch9_ch13_mav_ratio_prev,temporal (ch13_mav_ratio),0.2505355195506329,0.19738917409887508,0.05314634545175784,0.009776187129318714,1.0051887035369873,0.026000212877988815,0.8724836707115173,-0.03675176948308945,1.3633887767791748
ch9_wl_prev,temporal (wl),0.24994253783581394,0.5325703967899789,-0.2826278589541649,0.004551757592707872,1.0080585479736328,-0.20666536688804626,0.7989431619644165,0.5358433723449707,1.2371997833251953
ch4_ch13_rms_ratio_roll3,temporal (ch13_rms_ratio),0.2496166937043505,0.17158758886743072,0.07802910483691977,0.0011563657317310572,1.0037163496017456,-0.01836276799440384,0.9387935400009155,0.061122819781303406,1.249587893486023
ch9_ch13_rms_ratio_prev,temporal (ch13_rms_ratio),0.24872759224316482,0.1893589263642485,0.059368665878916316,0.009795678779482841,1.0074338912963867,0.024468323215842247,0.8834015130996704,-0.03149377554655075,1.354199767112732
ch4_ch9_env_rms_diff_prev,temporal (ch9_env_rms_diff),0.24818594645995934,0.47873196291915276,-0.23054601645919343,0.006139646749943495,0.9990975260734558,-0.014019051566720009,0.7020765542984009,0.03255528211593628,1.5379067659378052
ch4_ch13_mav_ratio,per-channel (ch13_mav_ratio),0.24815539540530124,0.181726671378377,0.06642872402692424,-0.005673771258443594,0.9956858158111572,-0.017853224650025368,0.9208958745002747,0.052769050002098083,1.2232085466384888
ch4_ch13_env_rms_ratio_roll3,temporal (ch13_env_rms_ratio),0.24784799001397023,0.1685858767123897,0.07926211330158053,0.0004926297697238624,1.003343105316162,-0.01643737591803074,0.943058431148529,0.05583930388092995,1.23879873752594
ch4_ch9_env_rms_diff,per-channel (ch9_env_rms_diff),0.2476759767878371,0.47887512325973713,-0.23119914647190004,0.004426346160471439,1.01874840259552,-0.015139320865273476,0.6979348063468933,0.032378219068050385,1.5323773622512817
ch0_wl_prev2,temporal (wl),0.24545290569178366,0.5607630042615452,-0.31531009856976155,0.002231606747955084,1.0019234418869019,-0.2146112322807312,0.7969108819961548,0.5620813965797424,1.2398574352264404
ch9_maxamp,amplitude,0.2453436469428556,0.5405288777335556,-0.2951852307907,-0.002786702010780573,0.9913197755813599,-0.20959211885929108,0.7794967293739319,0.5370259881019592,1.2602053880691528
ch4_ch9_rms_diff_prev,temporal (ch9_rms_diff),0.24527799826406937,0.4770115160722727,-0.23173351780820334,0.006061131600290537,0.9975853562355042,-0.017162881791591644,0.7097117304801941,0.04025109484791756,1.5339422225952148
ch0_var,amplitude,0.2450525781762835,0.48577989031163704,-0.24072731213535353,0.0007646054727956653,0.9722340703010559,-0.18536536395549774,0.7578420639038086,0.4849674105644226,1.3412495851516724
ch4_ch9_rms_diff,per-channel (ch9_rms_diff),0.24428688485256794,0.47654434945519253,-0.23225746460262459,0.006261295638978481,1.0182455778121948,-0.018311141058802605,0.6947149634361267,0.04058736562728882,1.5286000967025757
ch4_ch9_mav_diff_prev,temporal (ch9_mav_diff),0.2422414396829062,0.4987261796266958,-0.2564847399437896,0.0057313391007483006,0.9972359538078308,-0.015259137377142906,0.6934880018234253,0.03717075660824776,1.552768349647522
ch4_ch9_env_rms_ratio_prev,temporal (ch9_env_rms_ratio),0.24175837285659474,0.2818968852975493,-0.040138512440954566,1.214065559906885e-05,0.9979530572891235,-0.0913865864276886,0.8052807450294495,0.22962786257266998,1.341675043106079
ch4_ch9_mav_diff,per-channel (ch9_mav_diff),0.24156200697174093,0.5004610681049982,-0.25889906113325734,0.0048126354813575745,1.0155781507492065,-0.016856037080287933,0.6782093644142151,0.036616913974285126,1.550637125968933
ch13_env_std,envelope,0.2412451798972643,0.4483778340831458,-0.2071326541858815,0.005448842886835337,1.0128591060638428,-0.1823732703924179,0.8476651310920715,0.4538266956806183,1.1409872770309448
ch4_ch9_rms_ratio_prev,temporal (ch9_rms_ratio),0.23989627172350217,0.27846625631014477,-0.0385699845866426,0.0006344178691506386,0.9976465702056885,-0.09219678491353989,0.804643988609314,0.2303297370672226,1.341334342956543
ch9_ch13_env_rms_ratio_roll3,temporal (ch13_env_rms_ratio),0.23707989186708006,0.23938323307278067,-0.0023033412057006097,-0.005813842639327049,1.0032634735107422,0.023974576964974403,0.8558650612831116,-0.03862323239445686,1.3768479824066162
ch4_ch9_mav_ratio_prev,temporal (ch9_mav_ratio),0.23616040972340652,0.29928247829213434,-0.06312206856872782,-0.0004326748021412641,0.9967780113220215,-0.09435703605413437,0.804298996925354,0.23810212314128876,1.355395793914795
ch4_ch13_mav_ratio_roll3,temporal (ch13_mav_ratio),0.23582771373221262,0.1606518244257406,0.07517588930647201,0.00044847832759842277,1.003255844116211,-0.016352374106645584,0.9324710965156555,0.0558093823492527,1.2499186992645264
ch9_wl_prev2,temporal (wl),0.2357056354214574,0.5234117009873679,-0.2877060655659105,0.00035013339947909117,0.9983944296836853,-0.2023163139820099,0.8029218316078186,0.5236234664916992,1.2422009706497192
ch9_ch13_rms_ratio_roll3,temporal (ch13_rms_ratio),0.2343573541746897,0.23944922544679353,-0.005091871272103837,-0.006691299378871918,1.0026167631149292,0.02516421303153038,0.8571527004241943,-0.04019062593579292,1.3755614757537842
ch0_env_std,envelope,0.23375302139991166,0.4528385278187516,-0.21908550641883995,0.0017268330557271838,0.9882296323776245,-0.1727762222290039,0.8620445728302002,0.4539908766746521,1.200581431388855
ch13_var,amplitude,0.2332032545002165,0.45708215259957985,-0.22387889809936334,0.005689467303454876,0.9936031699180603,-0.1890256404876709,0.7791247963905334,0.4622229039669037,1.217669129371643
ch9_ch13_mav_ratio_roll3,temporal (ch13_mav_ratio),0.23294143108775617,0.24920418893318838,-0.016262757845432213,-0.006200537551194429,1.002669095993042,0.027294304221868515,0.848659336566925,-0.04625051096081734,1.3887488842010498
ch13_rms_pctile,per-channel (rms_pctile),0.23174597114303278,0.5537551502882948,-0.32200917914526206,0.007799690589308739,1.0005959272384644,-0.22394531965255737,0.927527129650116,0.5615547895431519,0.9501577615737915
ch13_env_rms_pctile,envelope,0.23046746166549564,0.5495116982151317,-0.31904423654963604,0.00808637123554945,1.0006929636001587,-0.2223803699016571,0.928538978099823,0.5575980544090271,0.951803982257843
ch4_rms_pctile,per-channel (rms_pctile),0.2303607034867111,0.5648260055003522,-0.3344653020136411,0.004726909566670656,1.0026261806488037,-0.2256336659193039,0.9290423393249512,0.5695529580116272,0.9491184949874878
ch4_env_rms_pctile,envelope,0.22773612226121626,0.5592520490696818,-0.3315159268084656,0.004190209321677685,1.002895474433899,-0.22354544699192047,0.9303267002105713,0.5634422302246094,0.951155960559845
ch9_var,amplitude,0.22512746131839412,0.49203838693903584,-0.2669109256206417,0.0009866423206403852,0.9994601607322693,-0.19130750000476837,0.711562991142273,0.4902057349681854,1.3804962635040283
ch9_ch13_env_rms_ratio,per-channel (ch13_env_rms_ratio),0.22438616792500468,0.210465976982849,0.013920190942155686,-0.011356915347278118,0.9927255511283875,0.023645931854844093,0.8667224049568176,-0.037886060774326324,1.3504199981689453
flexor_extensor_ratio_prev,cross-channel,0.2218668212638757,0.24096702722144067,-0.01910020595756498,0.01152611430734396,1.0074206590652466,0.02399570681154728,0.8929400444030762,-0.02999848499894142,1.2882132530212402
ch9_ch13_rms_ratio,per-channel (ch13_rms_ratio),0.2203360300871388,0.20885854247509905,0.01147748761203976,-0.011925655417144299,0.9919289350509644,0.02448187954723835,0.8706356883049011,-0.039390597492456436,1.3478769063949585
ch9_ch13_mav_ratio,per-channel (ch13_mav_ratio),0.2196347006942423,0.2196768356010691,-4.213490682680732e-05,-0.01154778990894556,0.9918203949928284,0.027134519070386887,0.8634135723114014,-0.044945064932107925,1.3655076026916504
flexor_extensor_ratio_roll3,cross-channel,0.2170363636089081,0.27301915389326903,-0.05598279028436093,-0.008004996925592422,0.9998268485069275,0.024737708270549774,0.8743423819541931,-0.037209440022706985,1.3196179866790771
ch4_env_std,envelope,0.2157858404227309,0.4584158262575911,-0.24262998583486017,0.00077146349940449,1.0036944150924683,-0.18360468745231628,0.8194279670715332,0.4591713547706604,1.1952935457229614
ch4_var,amplitude,0.2128059454266195,0.46595586643132353,-0.253149921004704,0.006980251986533403,1.0024834871292114,-0.19226936995983124,0.758190929889679,0.47269999980926514,1.2598373889923096
ch9_env_std,envelope,0.21268507075909213,0.4720184309980341,-0.25933336023894193,-0.0010668975301086903,1.000152826309204,-0.18433140218257904,0.8054768443107605,0.4683303236961365,1.2553335428237915
flexor_extensor_ratio,cross-channel,0.2022515176258885,0.26927360456169686,-0.06702208693580836,-0.011096538044512272,0.9944409728050232,0.02575572580099106,0.8985403776168823,-0.03502592071890831,1.3052414655685425
ch0_rms_pctile,per-channel (rms_pctile),0.2011920271445226,0.5040506827518412,-0.30285865560731856,0.0042747617699205875,1.000272512435913,-0.19688363373279572,0.9276332855224609,0.5083007216453552,1.0050082206726074
ch0_env_rms_pctile,envelope,0.1999303582651972,0.5002064937656644,-0.30027613550046717,0.00436659250408411,1.0005981922149658,-0.1955285221338272,0.9287399053573608,0.5045340657234192,1.0051398277282715
ch9_rms_pctile,per-channel (rms_pctile),0.19281424936037658,0.4931511341612374,-0.30033688480086085,0.0011679118033498526,0.9986660480499268,-0.1915646493434906,0.9192785024642944,0.4939084053039551,1.0312989950180054
ch9_env_rms_pctile,envelope,0.19262461361901853,0.49135965417042654,-0.298735040551408,0.0015624064253643155,0.9992212653160095,-0.1909460872411728,0.9194618463516235,0.49234700202941895,1.0321283340454102
ch9_var_sess_norm,per-channel (var_sess_norm),0.1525034068967664,0.15475726870963077,-0.002253861812864383,-0.004143718164414167,0.9896792769432068,-0.007997346110641956,0.9895597696304321,0.00022179895313456655,0.9919487237930298
ch4_wamp,shape,0.0966955821651946,0.12516834051478654,-0.02847275834959194,0.0013796035200357437,0.9871242046356201,0.04716436192393303,0.9450604915618896,-0.12308356165885925,1.110940933227539
ch0_ssc,shape,0.0959316716201584,0.24359153884675855,-0.14765986722660013,-0.0012714304029941559,0.9942449927330017,0.08610191196203232,0.954042375087738,-0.22702309489250183,1.0691578388214111
ch13_ssc,shape,0.09510525477581347,0.2186763071494778,-0.12357105237366434,-0.00650686863809824,0.9940709471702576,0.0859660655260086,0.9735057353973389,-0.21643979847431183,1.021459937095642
ch0_var_sess_norm,per-channel (var_sess_norm),0.0942069431844838,0.13271321848465628,-0.03850627530017248,-0.0027267273981124163,0.9595756530761719,-0.006521617993712425,1.0035334825515747,0.004021430388092995,0.9950289726257324
ch4_var_sess_norm,per-channel (var_sess_norm),0.09296288450901727,0.12691120696000108,-0.03394832245098381,0.004105858970433474,0.9930904507637024,-0.013027451932430267,0.9779588580131531,-0.003567772451788187,0.9962484240531921
ch9_ssc,shape,0.0922905057048658,0.26453153607126634,-0.17224103036640054,0.0058702207170426846,0.9917613863945007,0.09641993790864944,0.9521270990371704,-0.2402447760105133,1.0737013816833496
ch4_ssc,shape,0.09053888988564239,0.23012593398091752,-0.13958704409527511,0.0004894146113656461,0.9999545812606812,0.09037625789642334,0.9695799350738525,-0.22596487402915955,1.021399974822998
ch0_zc,shape,0.08924620459511255,0.15031005889841664,-0.06106385430330409,0.0005442111287266016,1.0004249811172485,0.0524803064763546,0.9641320705413818,-0.14038334786891937,1.0621193647384644
ch9_zc,shape,0.08915779669336817,0.1964914756611164,-0.10733367896774824,-0.002195834880694747,0.9925285577774048,0.07347725331783295,0.9587053656578064,-0.1921832412481308,1.0674667358398438
ch13_wamp,shape,0.08578226801952892,0.09981781462567547,-0.01403554660614656,-0.0028033237904310226,0.9843765497207642,0.03751815855503082,0.9388620257377625,-0.09989497810602188,1.1148221492767334
ch0_wamp,shape,0.08379257949397335,0.1239042851809189,-0.04011170568694554,0.0025231402833014727,0.9840554594993591,0.04453163221478462,0.9848651885986328,-0.12096785753965378,1.0257009267807007
ch9_wl_sess_norm,per-channel (wl_sess_norm),0.07655709388818972,0.08228864282738943,-0.005731548939199707,-0.0014682913897559047,0.9932696223258972,-0.005334643181413412,0.9980798959732056,0.0024296692572534084,0.9970126748085022
ch9_env_max_sess_norm,envelope,0.07437587350465688,0.10795045194178773,-0.03357457843713085,-0.003295386675745249,0.9986618161201477,-0.006791888270527124,0.995986819267273,0.0012355855433270335,0.9941545128822327
ch9_iemg_sess_norm,per-channel (iemg_sess_norm),0.0737959738566246,0.10802986891685638,-0.03423389506023178,-0.0022315415553748608,0.9944736957550049,-0.0054191602393984795,0.9987678527832031,0.0020790507551282644,0.9962015151977539
ch9_mav_sess_norm,per-channel (mav_sess_norm),0.0737959738566246,0.10802986891685638,-0.03423389506023178,-0.0022315415553748608,0.9944736957550049,-0.0054191602393984795,0.9987678527832031,0.0020790507551282644,0.9962015151977539
ch9_env_mean_sess_norm,envelope,0.07376616045146012,0.10875159555877512,-0.034985435107315,-0.0018477558623999357,0.9955883622169495,-0.005529570858925581,0.9991864562034607,0.002096520969644189,0.9961285591125488
ch9_mean_freq,frequency,0.07359379156194809,0.16686135653751208,-0.09326756497556399,-0.004136674106121063,0.993351399898529,0.061913151293992996,0.9683840870857239,-0.16690322756767273,1.0668834447860718
ch9_rms_sess_norm,per-channel (rms_sess_norm),0.0733192113234058,0.10747700883985689,-0.034157797516451094,-0.0027114569675177336,0.9944278001785278,-0.005931510590016842,0.9995173811912537,0.0017578257247805595,0.9949686527252197
ch9_env_rms_sess_norm,envelope,0.07261006752643934,0.1090806756406412,-0.03647060811420186,-0.001981594832614064,0.995447039604187,-0.005775993224233389,0.9997378587722778,0.001946789096109569,0.9951680302619934
ch0_mean_freq,frequency,0.07091749067231956,0.11294222921799209,-0.04202473854567253,-0.003082787385210395,0.9966084957122803,0.03574925661087036,0.9716434478759766,-0.09825455397367477,1.0635353326797485
ch9_wamp,shape,0.06865001046769514,0.1323965579300401,-0.06374654746234495,0.00410828972235322,0.9859917163848877,0.04666121304035187,0.9881525635719299,-0.12740199267864227,1.0248178243637085
ch9_env_std_sess_norm,envelope,0.06787456995030776,0.08990230383250178,-0.02202773388219402,-0.004115556366741657,0.9919610023498535,-0.007207298651337624,0.9921706318855286,0.0006699073710478842,0.9944726228713989
ch9_maxamp_sess_norm,per-channel (maxamp_sess_norm),0.06490947530707553,0.08876852626921533,-0.023859050962139805,-0.005449659191071987,0.9860137701034546,-0.007247294299304485,0.996837317943573,0.0016184402629733086,0.9968447089195251
ch4_median_freq,frequency,0.059289081888807,0.07777361115443439,-0.018484529265627388,-0.003494106000289321,0.997581422328949,-0.03049643523991108,1.011799693107605,0.06793748587369919,0.9649970531463623
ch0_wl_sess_norm,per-channel (wl_sess_norm),0.05587371828588515,0.06514215822781866,-0.009268439941933507,-0.0006560114561580122,0.9893659353256226,-0.0071364035829901695,0.9947707056999207,0.004585397895425558,0.9952501654624939
ch4_wl_sess_norm,per-channel (wl_sess_norm),0.05525251443567726,0.1114594860801211,-0.05620697164444384,0.001258278964087367,0.9979467988014221,-0.008256704546511173,0.9996097087860107,-0.0019184519769623876,0.9960668087005615
ch13_zc,shape,0.053030240313852395,0.09861681262120107,-0.04558657230734868,-0.008421802893280983,0.9961056113243103,0.039474230259656906,0.9962314963340759,-0.10658729821443558,0.9928950667381287
ch4_zc,shape,0.049750028190986825,0.09379354108467232,-0.044043512893685494,0.0008211763924919069,0.9965659379959106,0.03891369700431824,0.9928134083747864,-0.08502163738012314,0.9916003942489624
ch9_median_freq,frequency,0.04957403994131994,0.10332484525550002,-0.05375080531418008,-0.006951713934540749,0.9944868087768555,0.038277193903923035,0.9903315305709839,-0.10673300176858902,1.0244007110595703
ch4_ssc_sess_norm,per-channel (ssc_sess_norm),0.049529933553311756,0.05799796520003195,-0.008468031646720192,0.00041945980046875775,0.9987424612045288,0.003639387199655175,0.9904345273971558,0.002182179829105735,1.0023149251937866
ch0_env_mean_sess_norm,envelope,0.04844083827127133,0.0757083965524118,-0.027267558281140462,0.00018290977459400892,0.9866721630096436,-0.006640228442847729,0.9987923502922058,0.004395578056573868,0.9942860007286072
ch0_iemg_sess_norm,per-channel (iemg_sess_norm),0.04796147510935462,0.07555267786140837,-0.027591202752053755,-0.00012526944919954985,0.9862917065620422,-0.00640119519084692,0.998698890209198,0.004364039748907089,0.9943974018096924
ch0_mav_sess_norm,per-channel (mav_sess_norm),0.04796147510935462,0.07555267786140837,-0.027591202752053755,-0.00012526944919954985,0.9862917065620422,-0.00640119519084692,0.998698890209198,0.004364039748907089,0.9943974018096924
ch13_median_freq,frequency,0.0457888768844132,0.03839055282422146,0.007398324060191738,-0.007894260808825493,0.994862973690033,-0.011174589395523071,1.0148950815200806,0.013702718541026115,0.95823734998703
ch4_env_mean_sess_norm,envelope,0.04555294407090271,0.07547712694895256,-0.02992418287804985,0.003283199854195118,0.999188244342804,-0.010832410305738449,0.9919894933700562,-0.0026718375738710165,0.9939029216766357
ch4_iemg_sess_norm,per-channel (iemg_sess_norm),0.04532488382035545,0.07492302881222719,-0.029598144991871744,0.0030922344885766506,0.9988568425178528,-0.010815639048814774,0.9922450184822083,-0.0027296477928757668,0.9939630031585693
ch4_mav_sess_norm,per-channel (mav_sess_norm),0.04532488382035545,0.07492302881222719,-0.029598144991871744,0.0030922344885766506,0.9988568425178528,-0.010815639048814774,0.9922450184822083,-0.0027296477928757668,0.9939630031585693
ch0_env_rms_sess_norm,envelope,0.044556402113703354,0.07616497453310662,-0.03160857241940327,5.600935764960013e-05,0.9861860275268555,-0.006330730393528938,0.9994589686393738,0.004243341274559498,0.9939189553260803
ch0_rms_sess_norm,per-channel (rms_sess_norm),0.04441458382655705,0.07688821065595715,-0.032473626829400096,-0.00026500472449697554,0.9854474663734436,-0.006025747861713171,0.9999386072158813,0.004128836095333099,0.9944199323654175
ch4_env_rms_sess_norm,envelope,0.044118624399062153,0.07310219429102674,-0.028983569891964586,0.003201204352080822,0.999130368232727,-0.010996602475643158,0.9896075129508972,-0.0028356313705444336,0.9938792586326599
ch0_maxamp_sess_norm,per-channel (maxamp_sess_norm),0.04284772279878293,0.08203220113603343,-0.0391844783372505,-0.00230850069783628,0.9823609590530396,-0.0034731614869087934,1.0034005641937256,0.00391576299443841,0.997768759727478
ch9_ssc_sess_norm,per-channel (ssc_sess_norm),0.04281621507486366,0.06102587524239498,-0.018209660167531318,0.005975619424134493,0.9899886846542358,0.0012303777039051056,1.000770926475525,0.004463024903088808,1.0015920400619507
ch4_rms_sess_norm,per-channel (rms_sess_norm),0.04278403579874051,0.07253465432573221,-0.0297506185269917,0.003546139458194375,0.9988086819648743,-0.010944531299173832,0.9888085126876831,-0.0025548303965479136,0.9961352944374084
ch0_median_freq,frequency,0.042736264197031665,0.050551822019228726,-0.007815557822197061,-0.0034711495973169804,0.9992613196372986,0.007863336242735386,0.9860212802886963,-0.02186213620007038,1.0369871854782104
ch4_env_max_sess_norm,envelope,0.04041880450384294,0.06577968975057691,-0.025360885246733966,0.0019793263636529446,1.000398874282837,-0.010220708325505257,0.9881524443626404,-0.0032963003031909466,0.9920682311058044
ch0_env_max_sess_norm,envelope,0.03789145453527137,0.07631117403398596,-0.038419719498714595,-0.0007179128006100655,0.9836100935935974,-0.004792049992829561,0.9999487996101379,0.0034451161045581102,0.9941638708114624
ch4_wamp_sess_norm,per-channel (wamp_sess_norm),0.03748858854581758,0.03387715910665398,0.0036114294391636007,0.00041848697583191097,0.9903958439826965,-0.0013597216457128525,0.9804331064224243,0.0016429307870566845,1.011670470237732
ch0_ssc_sess_norm,per-channel (ssc_sess_norm),0.036523661140950334,0.04920179477215049,-0.012678133631200156,-0.0009609258268028498,0.9915200471878052,-0.002816772786900401,0.9967442750930786,0.003487799083814025,0.999221920967102
ch4_zc_sess_norm,per-channel (zc_sess_norm),0.03428755822941699,0.024140272826146485,0.010147285403270503,-0.00036262537469156086,0.9960570335388184,0.004197828471660614,0.9894170165061951,0.002689334796741605,1.000512957572937
ch4_median_freq_sess_norm,per-channel (median_freq_sess_norm),0.034186401188371636,0.021842476174509413,0.012343925013862223,-0.005489370319992304,0.9979344010353088,-0.006346364505589008,0.9907072186470032,0.0013853854034096003,0.9993185997009277
ch0_env_std_sess_norm,envelope,0.03386648420994554,0.06222565595909112,-0.028359171749145574,-0.0014280774630606174,0.979321300983429,0.0013537367340177298,1.0076078176498413,0.001397132989950478,0.995471715927124
ch4_maxamp_sess_norm,per-channel (maxamp_sess_norm),0.031874579446408355,0.0768054725451482,-0.04493089309873985,0.0011875253403559327,0.9946480393409729,-0.009003015235066414,0.9854457974433899,-0.002417089184746146,0.9998085498809814
ch13_mean_freq,frequency,0.030185354092518994,0.05412209736246431,-0.023936743269945316,-0.009989365935325623,0.9930803775787354,0.01955495961010456,1.0084227323532104,-0.05963944271206856,0.9762921333312988
ch4_env_std_sess_norm,envelope,0.02945025353175559,0.047781315345579965,-0.018331061813824375,-0.0017778450855985284,0.997637927532196,-0.008109583519399166,0.9809926748275757,-0.0031214861664921045,0.9946843981742859
ch9_wamp_sess_norm,per-channel (wamp_sess_norm),0.025886591669724054,0.022916048597137223,0.0029705430725868315,0.0043656001798808575,0.9856139421463013,-0.004493205342441797,1.0037721395492554,0.003806989872828126,1.0005747079849243
ch4_mean_freq,frequency,0.023791026652938804,0.023035491316411433,0.0007555353365273701,-0.00412856275215745,0.995025098323822,0.004677040968090296,1.007305383682251,-0.013393676839768887,0.9785955548286438
ch0_wamp_sess_norm,per-channel (wamp_sess_norm),0.02360681865785809,0.01564815506824355,0.007958663589614539,0.0024825576692819595,0.9843910336494446,-0.006553529296070337,1.0129988193511963,0.004123081918805838,0.9989626407623291
ch0_zc_sess_norm,per-channel (zc_sess_norm),0.023578603034387205,0.014123344282316253,0.009455258752070952,-0.0002111406938638538,0.9993571043014526,-0.0027559834998100996,0.9950506091117859,-0.00023912143660709262,1.001599669456482
ch4_mean_freq_sess_norm,per-channel (mean_freq_sess_norm),0.02090283779376193,0.016044992075731852,0.004857845718030079,-0.006091137882322073,0.9951310753822327,-0.0005159530555829406,0.9911090731620789,0.0006702906102873385,1.0027512311935425
trial_pos,other,0.01709787080908814,0.01711000163832368,-1.213082923553696e-05,0.0014583049342036247,1.0058659315109253,-0.0009042752790264785,0.9958741664886475,-0.008079937659204006,1.0013179779052734
ch9_zc_sess_norm,per-channel (zc_sess_norm),0.01593674845132239,0.0437606270753628,-0.027823878624040413,-0.0030992520041763783,0.9911526441574097,-0.005597258452326059,0.9982263445854187,0.006502894684672356,1.0023025274276733
ch0_median_freq_sess_norm,per-channel (median_freq_sess_norm),0.01534641558799776,0.015738070705812394,-0.0003916551178146342,-0.004422592464834452,0.999457597732544,-0.003116273321211338,0.9922427535057068,0.0017259635496884584,1.002030611038208
ch0_mean_freq_sess_norm,per-channel (mean_freq_sess_norm),0.014736706755089922,0.01666650262667392,-0.0019297958715839992,-0.003852537600323558,0.9963107705116272,-0.004629341419786215,0.9939826130867004,-0.0005626758793368936,1.007755994796753
ch9_median_freq_sess_norm,per-channel (median_freq_sess_norm),0.014384526729222354,0.033052807983744596,-0.018668281254522242,-0.007736364845186472,0.9952516555786133,-0.004915704485028982,0.9975665807723999,0.0020258035510778427,1.0061041116714478
ch9_mean_freq_sess_norm,per-channel (mean_freq_sess_norm),0.009426842569940662,0.04734461544620105,-0.037917772876260386,-0.0047088367864489555,0.9934022426605225,-0.005207577720284462,0.9994155764579773,-0.0004998943186365068,1.0055153369903564
