cal_per_gesture,cal_total_ms,participant,session,arm,n_cal,n_test,acc,f1_macro,f1_rest,f1_close,f1_open
12,7200,patient1,healthy_01,healthy,144,117,1.0,1.0,1.0,1.0,1.0
12,7200,patient1,healthy_02,healthy,144,117,0.7606837606837606,0.7252830188679246,1.0,0.7358490566037735,0.44000000000000006
12,7200,patient1,impaired_01,impaired,144,117,0.7948717948717948,0.7771428571428571,1.0,0.76,0.5714285714285713
12,7200,patient1,impaired_02,impaired,144,117,0.7350427350427351,0.7372480833839875,0.6779661016949152,0.7155963302752294,0.8181818181818181
12,7200,patient1,impaired_03,impaired,144,117,0.8803418803418803,0.8763586956521738,1.0,0.8478260869565216,0.7812500000000001
12,7200,patient1,impaired_04,impaired,144,117,0.811965811965812,0.7957142857142857,1.0,0.78,0.6071428571428571
12,7200,patient1,impaired_05,impaired,144,117,0.905982905982906,0.9040751299681368,1.0,0.8764044943820225,0.835820895522388
12,7200,patient1,impaired_06,impaired,144,117,0.8717948717948718,0.8668714797747056,1.0,0.8387096774193548,0.761904761904762
12,7200,patient2,healthy_01,healthy,144,117,0.7606837606837606,0.7344660019887264,0.9873417721518987,0.7254901960784315,0.4905660377358491
12,7200,patient2,healthy_02,healthy,144,117,0.8034188034188035,0.7958696023212152,1.0,0.7526881720430108,0.6349206349206349
12,7200,patient2,impaired_01,impaired,144,117,0.8461538461538461,0.8410326086956522,1.0,0.8043478260869565,0.71875
12,7200,patient2,impaired_02,impaired,144,117,0.8034188034188035,0.7937411116011709,0.9397590361445783,0.7640449438202247,0.6774193548387096
12,7200,patient2,impaired_03,impaired,144,117,0.8717948717948718,0.8681318681318682,1.0,0.8351648351648352,0.7692307692307693
12,7200,patient2,impaired_04,impaired,144,117,0.8888888888888888,0.8871867648238956,0.962962962962963,0.8607594936708861,0.8378378378378378
12,7200,patient2,impaired_05,impaired,144,117,0.7948717948717948,0.7734204793028322,1.0,0.7647058823529412,0.5555555555555556
12,7200,patient2,impaired_06,impaired,144,117,0.6495726495726496,0.6110530919041558,0.8857142857142858,0.6495726495726496,0.2978723404255319
12,7200,patient3,healthy_01,healthy,144,117,0.9487179487179487,0.9484126984126985,1.0,0.9285714285714286,0.9166666666666666
12,7200,patient3,healthy_02,healthy,144,117,0.8376068376068376,0.8291139240506329,0.9873417721518987,0.8,0.7000000000000001
12,7200,patient3,impaired_01,impaired,144,117,0.8205128205128205,0.8064859117490698,1.0,0.787878787878788,0.631578947368421
12,7200,patient3,impaired_02,impaired,144,117,0.6581196581196581,0.6184704184704185,0.9333333333333333,0.6363636363636364,0.2857142857142857
12,7200,patient3,impaired_03,impaired,144,117,0.9572649572649573,0.9570886284865491,1.0,0.9397590361445783,0.9315068493150686
12,7200,patient3,impaired_04,impaired,144,117,0.7692307692307693,0.7432900432900432,0.9870129870129869,0.7428571428571429,0.5
12,7200,patient3,impaired_05,impaired,144,117,0.8803418803418803,0.8783422459893048,1.0,0.8409090909090908,0.7941176470588235
12,7200,patient3,impaired_06,impaired,144,117,0.905982905982906,0.9040751299681368,1.0,0.8764044943820225,0.835820895522388
12,7200,patient4,healthy_01,healthy,144,117,0.9914529914529915,0.9914515863882952,0.9873417721518987,0.9870129870129869,1.0
12,7200,patient4,healthy_02,healthy,144,117,0.8034188034188035,0.7907831242655788,0.951219512195122,0.7659574468085106,0.6551724137931034
12,7200,patient4,impaired_01,impaired,144,117,0.8034188034188035,0.787387132323841,0.9873417721518987,0.7676767676767675,0.6071428571428571
12,7200,patient4,impaired_02,impaired,144,117,0.9829059829059829,0.9828947368421052,0.975,0.9736842105263158,1.0
12,7200,patient4,impaired_03,impaired,144,117,0.9743589743589743,0.9743209876543211,1.0,0.962962962962963,0.9600000000000001
12,7200,patient4,impaired_04,impaired,144,117,0.6752136752136753,0.5673639066487751,0.8666666666666666,0.7378640776699028,0.09756097560975609
12,7200,patient4,impaired_05,impaired,144,117,0.8717948717948718,0.8638447971781305,0.962962962962963,0.8666666666666666,0.761904761904762
12,7200,patient4,impaired_06,impaired,144,117,0.7777777777777778,0.75,1.0,0.7499999999999999,0.5
12,7200,patient4,impaired_07,impaired,144,117,0.9401709401709402,0.9396851698425849,1.0,0.9176470588235294,0.9014084507042254
12,7200,patient5,healthy_01,healthy,144,117,0.8803418803418803,0.8763586956521738,1.0,0.8478260869565216,0.7812500000000001
12,7200,patient5,healthy_02,healthy,144,117,0.7350427350427351,0.7051987767584098,0.9600000000000001,0.7155963302752294,0.44000000000000006
12,7200,patient5,impaired_01,impaired,144,117,0.6666666666666666,0.6084820810848208,0.9315068493150686,0.6666666666666666,0.22727272727272727
12,7200,patient5,impaired_02,impaired,144,117,0.8034188034188035,0.7944109727614882,0.9870129870129869,0.7628865979381444,0.6333333333333333
12,7200,patient5,impaired_03,impaired,144,117,0.9487179487179487,0.9484945434312523,0.9873417721518987,0.9230769230769231,0.935064935064935
12,7200,patient6,healthy_01,healthy,144,117,0.9316239316239316,0.9324425404596762,0.9166666666666666,0.9069767441860465,0.9736842105263158
12,7200,patient6,impaired_01,impaired,144,117,0.6581196581196581,0.5615670532262861,0.9736842105263158,0.6610169491525424,0.05
12,7200,patient6,impaired_02,impaired,144,117,0.7606837606837606,0.7400366928668816,0.9610389610389611,0.7307692307692307,0.5283018867924528
12,7200,patient6,impaired_03,impaired,144,117,0.8034188034188035,0.7871672771672772,0.9743589743589743,0.78,0.6071428571428571
12,7200,patient6,impaired_04,impaired,144,117,0.8974358974358975,0.8949494949494948,1.0,0.8666666666666666,0.8181818181818181
12,7200,patient7,healthy_01,healthy,144,117,0.811965811965812,0.8092457187118717,0.7301587301587301,0.7608695652173912,0.9367088607594937
12,7200,patient7,healthy_02,healthy,144,117,0.8888888888888888,0.8857142857142858,1.0,0.8571428571428571,0.8
12,7200,patient7,impaired_01,impaired,144,117,0.8632478632478633,0.8599326599326601,1.0,0.8222222222222223,0.7575757575757577
12,7200,patient7,impaired_02,impaired,144,117,0.8717948717948718,0.8698412698412699,0.9743589743589743,0.8351648351648352,0.8
12,7200,patient7,impaired_03,impaired,144,117,0.811965811965812,0.8128673835125447,0.7419354838709677,0.78,0.9166666666666666
12,7200,patient7,impaired_04,impaired,144,117,0.8632478632478633,0.8540137679922625,0.962962962962963,0.8571428571428571,0.7419354838709677
12,7200,patient7,impaired_05,impaired,144,117,0.8888888888888888,0.888158327682452,0.8235294117647058,0.853932584269663,0.9870129870129869
12,7200,patient7,impaired_06,impaired,144,117,0.9914529914529915,0.9914515863882952,1.0,0.9870129870129869,0.9873417721518987
12,7200,patient7,impaired_07,impaired,144,117,0.9401709401709402,0.9396851698425849,1.0,0.9176470588235294,0.9014084507042254
12,7200,patient7,impaired_08,impaired,144,117,0.8803418803418803,0.8791102077687444,0.8611111111111112,0.8250000000000001,0.951219512195122
12,7200,patient7,impaired_09,impaired,144,117,0.8461538461538461,0.8448015873015874,0.761904761904762,0.8125000000000001,0.9600000000000001
12,7200,patient8,healthy_01,healthy,144,117,0.9487179487179487,0.9486842105263157,1.0,0.9249999999999999,0.9210526315789475
12,7200,patient8,impaired_01,impaired,144,117,0.9743589743589743,0.9745533868340885,0.9736842105263158,0.962962962962963,0.9870129870129869
12,7200,patient8,impaired_02,impaired,144,117,0.7777777777777778,0.75,1.0,0.7499999999999999,0.5
12,7200,patient9,healthy_01,healthy,144,117,0.9743589743589743,0.9741139240506329,0.9873417721518987,0.975,0.9600000000000001
12,7200,patient9,impaired_01,impaired,144,117,0.8717948717948718,0.8698024999504764,0.9873417721518987,0.8333333333333333,0.7887323943661971
12,7200,patient9,impaired_02,impaired,144,117,0.8974358974358975,0.8947947046377308,0.975,0.8735632183908045,0.835820895522388
12,7200,patient9,impaired_03,impaired,144,117,0.9230769230769231,0.9207374254049446,0.975,0.9176470588235294,0.8695652173913044
12,7200,patient9,impaired_04,impaired,144,117,0.8632478632478633,0.8566842202512935,0.8863636363636364,0.9024390243902439,0.7812500000000001
12,7200,patient9,impaired_05,impaired,144,117,0.7606837606837606,0.7252830188679246,1.0,0.7358490566037735,0.44000000000000006
12,7200,patient9,impaired_06,impaired,144,117,0.8888888888888888,0.884902666511862,0.962962962962963,0.8735632183908045,0.8181818181818181
12,7200,patient10,healthy_01,healthy,144,117,0.9401709401709402,0.9399240798811684,1.0,0.9156626506024097,0.9041095890410958
12,7200,patient10,healthy_02,healthy,144,117,0.8547008547008547,0.8505494505494505,1.0,0.8131868131868132,0.7384615384615384
12,7200,patient10,impaired_01,impaired,144,117,0.5555555555555556,0.5224948532044397,0.326530612244898,0.609375,0.631578947368421
12,7200,patient10,impaired_02,impaired,144,117,0.7777777777777778,0.7591885238944062,0.9870129870129869,0.7450980392156863,0.5454545454545454
12,7200,patient10,impaired_03,impaired,144,117,0.8290598290598291,0.8233695652173912,1.0,0.7826086956521738,0.6875
12,7200,patient10,impaired_04,impaired,144,117,0.6581196581196581,0.567793693809954,0.962962962962963,0.6428571428571428,0.09756097560975609
12,7200,patient10,impaired_05,impaired,144,117,0.7008547008547008,0.6356356356356357,1.0,0.6846846846846847,0.2222222222222222
12,7200,patient10,impaired_06,impaired,144,117,0.8034188034188035,0.8038443301601198,0.945945945945946,0.7578947368421053,0.7076923076923076
12,7200,patient10,impaired_07,impaired,144,117,0.7008547008547008,0.6254373327845235,1.0,0.6902654867256637,0.18604651162790695
12,7200,patient10,impaired_08,impaired,144,117,0.8461538461538461,0.8410326086956522,1.0,0.8043478260869565,0.71875
12,7200,patient11,healthy_01,healthy,144,117,1.0,1.0,1.0,1.0,1.0
12,7200,patient11,healthy_02,healthy,144,117,0.8974358974358975,0.8963455149501659,1.0,0.8604651162790696,0.8285714285714285
12,7200,patient11,impaired_01,impaired,144,117,0.8461538461538461,0.831350517735184,0.8764044943820225,0.9176470588235294,0.7000000000000001
12,7200,patient11,impaired_02,impaired,144,117,0.8376068376068376,0.8303788994510644,0.9870129870129869,0.8041237113402061,0.7000000000000001
12,7200,patient11,impaired_03,impaired,144,117,0.6581196581196581,0.5404609815820292,0.8387096774193548,0.7326732673267325,0.05
12,7200,patient11,impaired_04,impaired,144,117,0.8205128205128205,0.80938770240369,0.962962962962963,0.7872340425531915,0.6779661016949152
12,7200,patient12,healthy_01,healthy,144,117,0.8034188034188035,0.7880559985823142,1.0,0.7676767676767675,0.5964912280701755
12,7200,patient12,healthy_02,healthy,144,117,0.7350427350427351,0.6925364390960721,0.9870129870129869,0.7155963302752294,0.375
12,7200,patient12,impaired_01,impaired,144,117,0.9829059829059829,0.9829045778412867,0.9873417721518987,0.9870129870129869,0.9743589743589743
12,7200,patient12,impaired_02,impaired,144,117,0.8290598290598291,0.8215511324639669,1.0,0.7872340425531915,0.6774193548387096
12,7200,patient12,impaired_03,impaired,144,117,0.8376068376068376,0.8332137093441561,0.951219512195122,0.7865168539325842,0.761904761904762
12,7200,patient12,impaired_04,impaired,144,117,0.905982905982906,0.9047143095119106,1.0,0.8735632183908045,0.8405797101449275
12,7200,patient12,impaired_05,impaired,144,117,0.8803418803418803,0.8823836075978059,0.8888888888888888,0.8372093023255814,0.9210526315789475
12,7200,patient12,impaired_06,impaired,144,117,0.6581196581196581,0.6541772403841369,0.5454545454545454,0.6551724137931034,0.761904761904762
12,7200,patient12,impaired_07,impaired,144,117,0.9487179487179487,0.9489255266680758,0.9397590361445783,0.9736842105263158,0.9333333333333333
12,7200,patient12,impaired_08,impaired,144,117,0.717948717948718,0.6634782608695652,0.8478260869565216,0.7826086956521738,0.36000000000000004
12,7200,patient12,impaired_09,impaired,144,117,0.6923076923076923,0.6047619047619047,0.975,0.6964285714285715,0.14285714285714288
24,14400,patient1,healthy_01,healthy,288,117,0.9487179487179487,0.9489255266680758,0.9397590361445783,0.9736842105263158,0.9333333333333333
24,14400,patient1,healthy_02,healthy,288,117,0.9145299145299145,0.9131016042780749,1.0,0.8863636363636364,0.8529411764705882
24,14400,patient1,impaired_01,impaired,288,117,0.7948717948717948,0.7734204793028322,1.0,0.7647058823529412,0.5555555555555556
24,14400,patient1,impaired_02,impaired,288,117,0.8717948717948718,0.8668714797747056,1.0,0.8387096774193548,0.761904761904762
24,14400,patient1,impaired_03,impaired,288,117,0.8803418803418803,0.8774410774410774,1.0,0.8444444444444443,0.7878787878787878
24,14400,patient1,impaired_04,impaired,288,117,1.0,1.0,1.0,1.0,1.0
24,14400,patient1,impaired_05,impaired,288,117,0.8290598290598291,0.817030260380014,1.0,0.7959183673469388,0.6551724137931034
24,14400,patient1,impaired_06,impaired,288,117,0.7948717948717948,0.7734204793028322,1.0,0.7647058823529412,0.5555555555555556
24,14400,patient2,healthy_01,healthy,288,117,0.8376068376068376,0.827363271011707,1.0,0.8041237113402061,0.6779661016949152
24,14400,patient2,healthy_02,healthy,288,117,0.717948717948718,0.6524209989806321,0.975,0.7155963302752294,0.2666666666666667
24,14400,patient2,impaired_01,impaired,288,117,0.7435897435897436,0.7056603773584905,1.0,0.7169811320754718,0.3999999999999999
24,14400,patient2,impaired_02,impaired,288,117,0.7008547008547008,0.6580028129395218,0.9873417721518987,0.6666666666666667,0.32
24,14400,patient2,impaired_03,impaired,288,117,0.9401709401709402,0.940082304526749,1.0,0.9135802469135802,0.9066666666666667
24,14400,patient2,impaired_04,impaired,288,117,0.9145299145299145,0.9140211640211641,1.0,0.8809523809523809,0.8611111111111112
24,14400,patient2,impaired_05,impaired,288,117,0.9230769230769231,0.9223912349750026,0.9873417721518987,0.8941176470588235,0.8857142857142858
24,14400,patient2,impaired_06,impaired,288,117,0.6666666666666666,0.5555555555555555,1.0,0.6666666666666666,0.0
24,14400,patient3,healthy_01,healthy,288,117,0.8205128205128205,0.8115616911130283,1.0,0.7789473684210526,0.6557377049180326
24,14400,patient3,healthy_02,healthy,288,117,0.6752136752136753,0.5741379310344827,1.0,0.6724137931034482,0.05
24,14400,patient3,impaired_01,impaired,288,117,0.6666666666666666,0.5660704457897633,0.9873417721518987,0.6608695652173913,0.05
24,14400,patient3,impaired_02,impaired,288,117,0.7948717948717948,0.7928224472003275,0.945945945945946,0.7551020408163266,0.6774193548387096
24,14400,patient3,impaired_03,impaired,288,117,0.6923076923076923,0.5914098972922502,0.8666666666666666,0.7647058823529412,0.14285714285714288
24,14400,patient3,impaired_04,impaired,288,117,0.811965811965812,0.7957142857142857,1.0,0.78,0.6071428571428571
24,14400,patient3,impaired_05,impaired,288,117,0.8717948717948718,0.8678304768369252,0.9397590361445783,0.875,0.7887323943661971
24,14400,patient3,impaired_06,impaired,288,117,0.8717948717948718,0.8668714797747056,1.0,0.8387096774193548,0.761904761904762
24,14400,patient4,healthy_01,healthy,288,117,0.9743589743589743,0.974320987654321,1.0,0.9600000000000001,0.962962962962963
24,14400,patient4,healthy_02,healthy,288,117,0.7948717948717948,0.7836909256840183,0.951219512195122,0.7446808510638298,0.6551724137931034
24,14400,patient4,impaired_01,impaired,288,117,0.8803418803418803,0.8774410774410774,1.0,0.8444444444444443,0.7878787878787878
24,14400,patient4,impaired_02,impaired,288,117,0.9914529914529915,0.9914515863882952,0.9873417721518987,1.0,0.9870129870129869
24,14400,patient4,impaired_03,impaired,288,117,0.9829059829059829,0.9828947368421054,1.0,0.975,0.9736842105263158
24,14400,patient4,impaired_04,impaired,288,117,0.9743589743589743,0.9743209876543211,1.0,0.962962962962963,0.9600000000000001
24,14400,patient4,impaired_05,impaired,288,117,0.7692307692307693,0.7515623928497955,0.951219512195122,0.7216494845360825,0.5818181818181819
24,14400,patient4,impaired_06,impaired,288,117,0.8205128205128205,0.8064859117490698,1.0,0.787878787878788,0.631578947368421
24,14400,patient4,impaired_07,impaired,288,117,0.8461538461538461,0.8375,1.0,0.8125000000000001,0.7000000000000001
24,14400,patient5,healthy_01,healthy,288,117,0.7948717948717948,0.7734204793028322,1.0,0.7647058823529412,0.5555555555555556
24,14400,patient5,healthy_02,healthy,288,117,0.7692307692307693,0.7378151260504202,1.0,0.7428571428571429,0.47058823529411764
24,14400,patient5,impaired_01,impaired,288,117,0.8290598290598291,0.8194444444444443,1.0,0.7916666666666666,0.6666666666666666
24,14400,patient5,impaired_02,impaired,288,117,0.6410256410256411,0.5396402398401066,0.9873417721518987,0.631578947368421,0.0
24,14400,patient5,impaired_03,impaired,288,117,0.9145299145299145,0.9131016042780749,1.0,0.8863636363636364,0.8529411764705882
24,14400,patient6,healthy_01,healthy,288,117,0.905982905982906,0.9054971356545507,0.8974358974358975,0.9176470588235294,0.9014084507042254
24,14400,patient6,impaired_01,impaired,288,117,0.7777777777777778,0.75,1.0,0.7499999999999999,0.5
24,14400,patient6,impaired_02,impaired,288,117,0.7521367521367521,0.7123784093076483,1.0,0.7289719626168224,0.4081632653061224
24,14400,patient6,impaired_03,impaired,288,117,0.6581196581196581,0.5580409356725146,0.975,0.6491228070175438,0.05
24,14400,patient6,impaired_04,impaired,288,117,0.811965811965812,0.7957142857142857,1.0,0.78,0.6071428571428571
24,14400,patient7,healthy_01,healthy,288,117,1.0,1.0,1.0,1.0,1.0
24,14400,patient7,healthy_02,healthy,288,117,0.9145299145299145,0.9131016042780749,1.0,0.8863636363636364,0.8529411764705882
24,14400,patient7,impaired_01,impaired,288,117,0.9316239316239316,0.9323676396847129,0.9487179487179487,0.9024390243902439,0.945945945945946
24,14400,patient7,impaired_02,impaired,288,117,0.8205128205128205,0.8125727128503436,0.975,0.7741935483870968,0.6885245901639344
24,14400,patient7,impaired_03,impaired,288,117,0.8547008547008547,0.8569137663586114,0.9315068493150686,0.8210526315789474,0.8181818181818181
24,14400,patient7,impaired_04,impaired,288,117,0.8974358974358975,0.8949494949494948,1.0,0.8666666666666666,0.8181818181818181
24,14400,patient7,impaired_05,impaired,288,117,0.9743589743589743,0.9743504330446369,0.9873417721518987,0.9620253164556962,0.9736842105263158
24,14400,patient7,impaired_06,impaired,288,117,0.9829059829059829,0.9829045778412867,0.9873417721518987,0.9743589743589743,0.9870129870129869
24,14400,patient7,impaired_07,impaired,288,117,0.8376068376068376,0.8291139240506329,0.9873417721518987,0.8,0.7000000000000001
24,14400,patient7,impaired_08,impaired,288,117,0.8974358974358975,0.8925655017609041,0.962962962962963,0.896551724137931,0.8181818181818181
24,14400,patient7,impaired_09,impaired,288,117,1.0,1.0,1.0,1.0,1.0
24,14400,patient8,healthy_01,healthy,288,117,0.8547008547008547,0.8505494505494505,1.0,0.8131868131868132,0.7384615384615384
24,14400,patient8,impaired_01,impaired,288,117,1.0,1.0,1.0,1.0,1.0
24,14400,patient8,impaired_02,impaired,288,117,0.811965811965812,0.7957142857142857,1.0,0.78,0.6071428571428571
24,14400,patient9,healthy_01,healthy,288,117,0.8547008547008547,0.8474547023295944,1.0,0.8210526315789474,0.7213114754098361
24,14400,patient9,impaired_01,impaired,288,117,0.905982905982906,0.9047143095119106,1.0,0.8735632183908045,0.8405797101449275
24,14400,patient9,impaired_02,impaired,288,117,0.8974358974358975,0.8957219251336898,1.0,0.8636363636363635,0.8235294117647058
24,14400,patient9,impaired_03,impaired,288,117,0.905982905982906,0.9047143095119106,1.0,0.8735632183908045,0.8405797101449275
24,14400,patient9,impaired_04,impaired,288,117,0.7863247863247863,0.7696260854155591,1.0,0.7474747474747475,0.5614035087719298
24,14400,patient9,impaired_05,impaired,288,117,0.717948717948718,0.6564564564564564,1.0,0.7027027027027027,0.2666666666666667
24,14400,patient9,impaired_06,impaired,288,117,0.9401709401709402,0.9396851698425849,1.0,0.9176470588235294,0.9014084507042254
24,14400,patient10,healthy_01,healthy,288,117,0.9316239316239316,0.9315789473684211,1.0,0.9,0.8947368421052632
24,14400,patient10,healthy_02,healthy,288,117,0.9829059829059829,0.9828947368421054,1.0,0.975,0.9736842105263158
24,14400,patient10,impaired_01,impaired,288,117,0.8205128205128205,0.8064859117490698,1.0,0.787878787878788,0.631578947368421
24,14400,patient10,impaired_02,impaired,288,117,0.6752136752136753,0.5990259740259739,1.0,0.6607142857142857,0.13636363636363635
24,14400,patient10,impaired_03,impaired,288,117,0.811965811965812,0.8037062457103638,1.0,0.7659574468085106,0.6451612903225806
24,14400,patient10,impaired_04,impaired,288,117,0.7008547008547008,0.6254373327845235,1.0,0.6902654867256637,0.18604651162790695
24,14400,patient10,impaired_05,impaired,288,117,0.6666666666666666,0.5555555555555555,1.0,0.6666666666666666,0.0
24,14400,patient10,impaired_06,impaired,288,117,0.7094017094017094,0.6412337662337663,1.0,0.6964285714285715,0.22727272727272727
24,14400,patient10,impaired_07,impaired,288,117,0.8547008547008547,0.858085022195651,0.9041095890410958,0.8172043010752689,0.8529411764705882
24,14400,patient10,impaired_08,impaired,288,117,0.8290598290598291,0.8337621100449636,0.8529411764705882,0.7872340425531915,0.8611111111111112
24,14400,patient11,healthy_01,healthy,288,117,0.9914529914529915,0.9914515863882952,1.0,0.9870129870129869,0.9873417721518987
24,14400,patient11,healthy_02,healthy,288,117,0.8632478632478633,0.8594907407407408,0.975,0.8222222222222223,0.7812500000000001
24,14400,patient11,impaired_01,impaired,288,117,0.717948717948718,0.6727064657638756,1.0,0.6915887850467289,0.326530612244898
24,14400,patient11,impaired_02,impaired,288,117,0.8888888888888888,0.8857142857142858,1.0,0.8571428571428571,0.8
24,14400,patient11,impaired_03,impaired,288,117,0.7692307692307693,0.7508226867982964,0.8536585365853658,0.7916666666666666,0.6071428571428571
24,14400,patient11,impaired_04,impaired,288,117,0.9487179487179487,0.9484126984126985,1.0,0.9285714285714286,0.9166666666666666
24,14400,patient12,healthy_01,healthy,288,117,0.7606837606837606,0.750171585449554,1.0,0.7021276595744681,0.5483870967741935
24,14400,patient12,healthy_02,healthy,288,117,0.6666666666666666,0.5555555555555555,1.0,0.6666666666666666,0.0
24,14400,patient12,impaired_01,impaired,288,117,0.9743589743589743,0.9745533868340885,0.962962962962963,0.9870129870129869,0.9736842105263158
24,14400,patient12,impaired_02,impaired,288,117,0.8376068376068376,0.827363271011707,1.0,0.8041237113402061,0.6779661016949152
24,14400,patient12,impaired_03,impaired,288,117,1.0,1.0,1.0,1.0,1.0
24,14400,patient12,impaired_04,impaired,288,117,0.8034188034188035,0.8088127653345044,0.8181818181818181,0.7676767676767675,0.8405797101449275
24,14400,patient12,impaired_05,impaired,288,117,0.9829059829059829,0.9828947368421054,1.0,0.975,0.9736842105263158
24,14400,patient12,impaired_06,impaired,288,117,0.8888888888888888,0.8917393248379164,0.9166666666666666,0.8571428571428571,0.9014084507042254
24,14400,patient12,impaired_07,impaired,288,117,0.9145299145299145,0.9156905498368914,0.9230769230769231,0.878048780487805,0.945945945945946
24,14400,patient12,impaired_08,impaired,288,117,0.7264957264957265,0.6978939724037763,1.0,0.6862745098039216,0.4074074074074074
24,14400,patient12,impaired_09,impaired,288,117,0.6581196581196581,0.567793693809954,0.962962962962963,0.6428571428571428,0.09756097560975609
36,21600,patient1,healthy_01,healthy,432,117,0.9743589743589743,0.9743547591648859,1.0,0.9620253164556962,0.9610389610389611
36,21600,patient1,healthy_02,healthy,432,117,0.9658119658119658,0.965721819380356,1.0,0.951219512195122,0.945945945945946
36,21600,patient1,impaired_01,impaired,432,117,0.7521367521367521,0.7123784093076483,1.0,0.7289719626168224,0.4081632653061224
36,21600,patient1,impaired_02,impaired,432,117,0.9572649572649573,0.9570886284865491,1.0,0.9397590361445783,0.9315068493150686
36,21600,patient1,impaired_03,impaired,432,117,0.8888888888888888,0.8879867439933721,1.0,0.8470588235294118,0.8169014084507042
36,21600,patient1,impaired_04,impaired,432,117,0.9658119658119658,0.965721819380356,1.0,0.951219512195122,0.945945945945946
36,21600,patient1,impaired_05,impaired,432,117,0.8803418803418803,0.8763586956521738,1.0,0.8478260869565216,0.7812500000000001
36,21600,patient1,impaired_06,impaired,432,117,0.905982905982906,0.9040751299681368,1.0,0.8764044943820225,0.835820895522388
36,21600,patient2,healthy_01,healthy,432,117,0.7948717948717948,0.7734204793028322,1.0,0.7647058823529412,0.5555555555555556
36,21600,patient2,healthy_02,healthy,432,117,0.7350427350427351,0.6853406207300411,1.0,0.7155963302752294,0.3404255319148936
36,21600,patient2,impaired_01,impaired,432,117,0.7264957264957265,0.6978939724037763,1.0,0.6862745098039216,0.4074074074074074
36,21600,patient2,impaired_02,impaired,432,117,0.6581196581196581,0.5517241379310345,1.0,0.6551724137931034,0.0
36,21600,patient2,impaired_03,impaired,432,117,0.9230769230769231,0.9224523612261807,1.0,0.8941176470588235,0.8732394366197183
36,21600,patient2,impaired_04,impaired,432,117,0.8376068376068376,0.8295081967213115,1.0,0.8,0.6885245901639344
36,21600,patient2,impaired_05,impaired,432,117,1.0,1.0,1.0,1.0,1.0
36,21600,patient2,impaired_06,impaired,432,117,0.8717948717948718,0.8681318681318682,1.0,0.8351648351648352,0.7692307692307693
36,21600,patient3,healthy_01,healthy,432,117,0.9658119658119658,0.965721819380356,1.0,0.951219512195122,0.945945945945946
36,21600,patient3,healthy_02,healthy,432,117,0.6666666666666666,0.5555555555555555,1.0,0.6666666666666666,0.0
36,21600,patient3,impaired_01,impaired,432,117,0.6581196581196581,0.5517241379310345,1.0,0.6551724137931034,0.0
36,21600,patient3,impaired_02,impaired,432,117,0.8888888888888888,0.8910393222784424,0.945945945945946,0.853932584269663,0.8732394366197183
36,21600,patient3,impaired_03,impaired,432,117,0.8376068376068376,0.827363271011707,1.0,0.8041237113402061,0.6779661016949152
36,21600,patient3,impaired_04,impaired,432,117,0.8888888888888888,0.8857142857142858,1.0,0.8571428571428571,0.8
36,21600,patient3,impaired_05,impaired,432,117,0.9914529914529915,0.9914515863882952,1.0,0.9873417721518987,0.9870129870129869
36,21600,patient3,impaired_06,impaired,432,117,0.9401709401709402,0.9396851698425849,1.0,0.9176470588235294,0.9014084507042254
36,21600,patient4,healthy_01,healthy,432,117,0.9914529914529915,0.9914515863882952,1.0,0.9870129870129869,0.9873417721518987
36,21600,patient4,healthy_02,healthy,424,117,0.8461538461538461,0.8416666666666668,0.975,0.8000000000000002,0.7500000000000001
36,21600,patient4,impaired_01,impaired,432,117,0.8974358974358975,0.8968253968253969,1.0,0.8571428571428571,0.8333333333333333
36,21600,patient4,impaired_02,impaired,432,117,0.9914529914529915,0.9914515863882952,1.0,0.9873417721518987,0.9870129870129869
36,21600,patient4,impaired_03,impaired,432,117,1.0,1.0,1.0,1.0,1.0
36,21600,patient4,impaired_04,impaired,432,117,0.9658119658119658,0.965721819380356,1.0,0.951219512195122,0.945945945945946
36,21600,patient4,impaired_05,impaired,432,117,0.8034188034188035,0.787387132323841,0.9873417721518987,0.7676767676767675,0.6071428571428571
36,21600,patient4,impaired_06,impaired,432,117,0.8717948717948718,0.8668714797747056,1.0,0.8387096774193548,0.761904761904762
36,21600,patient4,impaired_07,impaired,432,117,0.7435897435897436,0.6990740740740741,1.0,0.7222222222222222,0.375
36,21600,patient5,healthy_01,healthy,432,117,0.7350427350427351,0.6853406207300411,1.0,0.7155963302752294,0.3404255319148936
36,21600,patient5,healthy_02,healthy,432,117,0.9145299145299145,0.9131016042780749,1.0,0.8863636363636364,0.8529411764705882
36,21600,patient5,impaired_01,impaired,432,117,0.8547008547008547,0.8474547023295944,1.0,0.8210526315789474,0.7213114754098361
36,21600,patient5,impaired_02,impaired,432,117,0.9487179487179487,0.9484126984126985,1.0,0.9285714285714286,0.9166666666666666
36,21600,patient5,impaired_03,impaired,432,117,0.8888888888888888,0.8857142857142858,1.0,0.8571428571428571,0.8
36,21600,patient6,healthy_01,healthy,432,117,0.9487179487179487,0.9490304216331613,0.9870129870129869,0.9285714285714286,0.9315068493150686
36,21600,patient6,impaired_01,impaired,432,117,0.6581196581196581,0.5517241379310345,1.0,0.6551724137931034,0.0
36,21600,patient6,impaired_02,impaired,432,117,0.7606837606837606,0.7252830188679246,1.0,0.7358490566037735,0.44000000000000006
36,21600,patient6,impaired_03,impaired,432,117,0.6837606837606838,0.6009217622301525,0.9873417721518987,0.6725663716814159,0.14285714285714288
36,21600,patient6,impaired_04,impaired,432,117,0.8547008547008547,0.8474547023295944,1.0,0.8210526315789474,0.7213114754098361
36,21600,patient7,healthy_01,healthy,432,117,0.9658119658119658,0.9657894736842105,1.0,0.9500000000000001,0.9473684210526315
36,21600,patient7,healthy_02,healthy,432,117,0.9316239316239316,0.9308970099667774,1.0,0.9069767441860465,0.8857142857142858
36,21600,patient7,impaired_01,impaired,432,117,0.9743589743589743,0.9743547591648859,0.9610389610389611,0.9620253164556962,1.0
36,21600,patient7,impaired_02,impaired,432,117,0.7692307692307693,0.7582936865115082,0.935064935064935,0.7326732673267325,0.6071428571428571
36,21600,patient7,impaired_03,impaired,432,117,0.9230769230769231,0.9220389805097451,0.8695652173913044,0.896551724137931,1.0
36,21600,patient7,impaired_04,impaired,432,117,0.8717948717948718,0.8749805204924419,0.9166666666666666,0.8387096774193548,0.8695652173913044
36,21600,patient7,impaired_05,impaired,432,117,0.9829059829059829,0.9829045778412867,0.9873417721518987,0.9743589743589743,0.9870129870129869
36,21600,patient7,impaired_06,impaired,432,117,0.9487179487179487,0.94860273341286,0.9487179487179487,0.935064935064935,0.9620253164556962
36,21600,patient7,impaired_07,impaired,432,117,0.9914529914529915,0.9914515863882952,0.9873417721518987,0.9870129870129869,1.0
36,21600,patient7,impaired_08,impaired,432,117,0.9401709401709402,0.9396851698425849,1.0,0.9176470588235294,0.9014084507042254
36,21600,patient7,impaired_09,impaired,432,117,1.0,1.0,1.0,1.0,1.0
36,21600,patient8,healthy_01,healthy,432,117,0.8632478632478633,0.8572409059711736,1.0,0.8297872340425533,0.7419354838709677
36,21600,patient8,impaired_01,impaired,432,117,0.9487179487179487,0.9494005283478968,0.9736842105263158,0.9285714285714286,0.945945945945946
36,21600,patient8,impaired_02,impaired,432,117,0.7948717948717948,0.7734204793028322,1.0,0.7647058823529412,0.5555555555555556
36,21600,patient9,healthy_01,healthy,432,117,0.9230769230769231,0.9220389805097451,1.0,0.896551724137931,0.8695652173913044
36,21600,patient9,impaired_01,impaired,432,117,0.8376068376068376,0.827363271011707,1.0,0.8041237113402061,0.6779661016949152
36,21600,patient9,impaired_02,impaired,432,117,0.9487179487179487,0.9486842105263157,1.0,0.9249999999999999,0.9210526315789475
36,21600,patient9,impaired_03,impaired,432,117,0.8717948717948718,0.8668714797747056,1.0,0.8387096774193548,0.761904761904762
36,21600,patient9,impaired_04,impaired,432,117,0.7264957264957265,0.6711462450592885,1.0,0.7090909090909091,0.30434782608695654
36,21600,patient9,impaired_05,impaired,432,117,0.8034188034188035,0.7846984698469847,1.0,0.7722772277227723,0.5818181818181819
36,21600,patient9,impaired_06,impaired,432,117,0.8974358974358975,0.8949494949494948,1.0,0.8666666666666666,0.8181818181818181
36,21600,patient10,healthy_01,healthy,432,117,0.8888888888888888,0.8873896385140764,1.0,0.8505747126436781,0.8115942028985509
36,21600,patient10,healthy_02,healthy,432,117,0.9401709401709402,0.9399240798811684,1.0,0.9156626506024097,0.9041095890410958
36,21600,patient10,impaired_01,impaired,432,117,0.7692307692307693,0.7378151260504202,1.0,0.7428571428571429,0.47058823529411764
36,21600,patient10,impaired_02,impaired,432,117,0.7692307692307693,0.7378151260504202,1.0,0.7428571428571429,0.47058823529411764
36,21600,patient10,impaired_03,impaired,432,117,0.8717948717948718,0.8700649675162418,1.0,0.8275862068965517,0.7826086956521738
36,21600,patient10,impaired_04,impaired,432,117,0.7094017094017094,0.6412337662337663,1.0,0.6964285714285715,0.22727272727272727
36,21600,patient10,impaired_05,impaired,432,117,0.7521367521367521,0.7183940242763772,1.0,0.7238095238095238,0.4313725490196078
36,21600,patient10,impaired_06,impaired,432,117,0.8205128205128205,0.8064859117490698,1.0,0.787878787878788,0.631578947368421
36,21600,patient10,impaired_07,impaired,432,117,0.8888888888888888,0.8879499495937853,0.9285714285714286,0.8311688311688312,0.9041095890410958
36,21600,patient10,impaired_08,impaired,432,117,0.8803418803418803,0.8800263678312458,1.0,0.8292682926829267,0.8108108108108107
36,21600,patient11,healthy_01,healthy,432,117,0.9572649572649573,0.9572579319414762,1.0,0.9367088607594937,0.935064935064935
36,21600,patient11,healthy_02,healthy,432,117,0.905982905982906,0.9063652037595459,0.9268292682926831,0.8607594936708861,0.9315068493150686
36,21600,patient11,impaired_01,impaired,432,117,0.7606837606837606,0.7400000000000001,1.0,0.7200000000000001,0.5
36,21600,patient11,impaired_02,impaired,432,117,0.9230769230769231,0.9224097226062504,0.9870129870129869,0.9069767441860465,0.8732394366197183
36,21600,patient11,impaired_03,impaired,432,117,0.7948717948717948,0.7994779724565578,0.8533333333333333,0.7391304347826088,0.8059701492537313
36,21600,patient11,impaired_04,impaired,432,117,0.9230769230769231,0.9220389805097451,1.0,0.896551724137931,0.8695652173913044
36,21600,patient12,healthy_01,healthy,432,117,0.6752136752136753,0.6188271604938272,1.0,0.6481481481481483,0.20833333333333334
36,21600,patient12,healthy_02,healthy,432,117,0.6752136752136753,0.5856625852420637,0.9870129870129869,0.6724137931034482,0.09756097560975609
36,21600,patient12,impaired_01,impaired,432,117,0.9914529914529915,0.9914515863882952,0.9873417721518987,1.0,0.9870129870129869
36,21600,patient12,impaired_02,impaired,432,117,0.8632478632478633,0.8572409059711736,1.0,0.8297872340425533,0.7419354838709677
36,21600,patient12,impaired_03,impaired,432,117,0.9658119658119658,0.965721819380356,1.0,0.951219512195122,0.945945945945946
36,21600,patient12,impaired_04,impaired,432,117,0.811965811965812,0.7957142857142857,1.0,0.78,0.6071428571428571
36,21600,patient12,impaired_05,impaired,432,117,0.9829059829059829,0.9828947368421054,1.0,0.975,0.9736842105263158
36,21600,patient12,impaired_06,impaired,432,117,0.9914529914529915,0.9914515863882952,1.0,0.9870129870129869,0.9873417721518987
36,21600,patient12,impaired_07,impaired,432,117,0.8974358974358975,0.8982384823848238,0.878048780487805,0.9,0.9166666666666666
36,21600,patient12,impaired_08,impaired,432,117,0.811965811965812,0.7902298850574713,0.8863636363636364,0.8636363636363635,0.6206896551724138
36,21600,patient12,impaired_09,impaired,432,117,0.8205128205128205,0.8204797816562523,0.8529411764705882,0.8351648351648352,0.7733333333333334
60,36000,patient1,healthy_01,healthy,432,117,0.9829059829059829,0.9828947368421054,1.0,0.975,0.9736842105263158
60,36000,patient1,healthy_02,healthy,432,117,0.9658119658119658,0.965721819380356,1.0,0.951219512195122,0.945945945945946
60,36000,patient1,impaired_01,impaired,432,117,0.7521367521367521,0.7123784093076483,1.0,0.7289719626168224,0.4081632653061224
60,36000,patient1,impaired_02,impaired,432,117,0.9572649572649573,0.9570886284865491,1.0,0.9397590361445783,0.9315068493150686
60,36000,patient1,impaired_03,impaired,432,117,0.905982905982906,0.9047143095119106,1.0,0.8735632183908045,0.8405797101449275
60,36000,patient1,impaired_04,impaired,432,117,0.9658119658119658,0.965721819380356,1.0,0.951219512195122,0.945945945945946
60,36000,patient1,impaired_05,impaired,432,117,0.8803418803418803,0.8763586956521738,1.0,0.8478260869565216,0.7812500000000001
60,36000,patient1,impaired_06,impaired,432,117,0.905982905982906,0.9040751299681368,1.0,0.8764044943820225,0.835820895522388
60,36000,patient2,healthy_01,healthy,432,117,0.7948717948717948,0.7734204793028322,1.0,0.7647058823529412,0.5555555555555556
60,36000,patient2,healthy_02,healthy,432,117,0.7350427350427351,0.6853406207300411,1.0,0.7155963302752294,0.3404255319148936
60,36000,patient2,impaired_01,impaired,432,117,0.7521367521367521,0.7183940242763772,1.0,0.7238095238095238,0.4313725490196078
60,36000,patient2,impaired_02,impaired,432,117,0.6324786324786325,0.5398230088495576,1.0,0.6194690265486726,0.0
60,36000,patient2,impaired_03,impaired,432,117,0.905982905982906,0.9055949826704076,1.0,0.8674698795180724,0.8493150684931507
60,36000,patient2,impaired_04,impaired,432,117,0.8290598290598291,0.8215511324639669,1.0,0.7872340425531915,0.6774193548387096
60,36000,patient2,impaired_05,impaired,432,117,1.0,1.0,1.0,1.0,1.0
60,36000,patient2,impaired_06,impaired,432,117,0.8803418803418803,0.8763586956521738,1.0,0.8478260869565216,0.7812500000000001
60,36000,patient3,healthy_01,healthy,432,117,0.9658119658119658,0.965721819380356,1.0,0.951219512195122,0.945945945945946
60,36000,patient3,healthy_02,healthy,432,117,0.6666666666666666,0.5555555555555555,1.0,0.6666666666666666,0.0
60,36000,patient3,impaired_01,impaired,432,117,0.6581196581196581,0.5517241379310345,1.0,0.6551724137931034,0.0
60,36000,patient3,impaired_02,impaired,432,117,0.8974358974358975,0.8994422994422995,0.945945945945946,0.8666666666666666,0.8857142857142858
60,36000,patient3,impaired_03,impaired,432,117,0.8376068376068376,0.827363271011707,1.0,0.8041237113402061,0.6779661016949152
60,36000,patient3,impaired_04,impaired,432,117,0.8888888888888888,0.8857142857142858,1.0,0.8571428571428571,0.8
60,36000,patient3,impaired_05,impaired,432,117,0.9914529914529915,0.9914515863882952,1.0,0.9873417721518987,0.9870129870129869
60,36000,patient3,impaired_06,impaired,432,117,0.9401709401709402,0.9396851698425849,1.0,0.9176470588235294,0.9014084507042254
60,36000,patient4,healthy_01,healthy,432,117,0.9914529914529915,0.9914515863882952,1.0,0.9870129870129869,0.9873417721518987
60,36000,patient4,healthy_02,healthy,424,117,0.8547008547008547,0.850030525030525,0.975,0.8131868131868132,0.761904761904762
60,36000,patient4,impaired_01,impaired,432,117,0.8974358974358975,0.8968253968253969,1.0,0.8571428571428571,0.8333333333333333
60,36000,patient4,impaired_02,impaired,432,117,0.9914529914529915,0.9914515863882952,1.0,0.9873417721518987,0.9870129870129869
60,36000,patient4,impaired_03,impaired,432,117,1.0,1.0,1.0,1.0,1.0
60,36000,patient4,impaired_04,impaired,432,117,0.9658119658119658,0.965721819380356,1.0,0.951219512195122,0.945945945945946
60,36000,patient4,impaired_05,impaired,432,117,0.7948717948717948,0.7790816326530612,0.975,0.7551020408163266,0.6071428571428571
60,36000,patient4,impaired_06,impaired,432,117,0.8717948717948718,0.8668714797747056,1.0,0.8387096774193548,0.761904761904762
60,36000,patient4,impaired_07,impaired,432,117,0.7435897435897436,0.6990740740740741,1.0,0.7222222222222222,0.375
60,36000,patient5,healthy_01,healthy,432,117,0.7350427350427351,0.6853406207300411,1.0,0.7155963302752294,0.3404255319148936
60,36000,patient5,healthy_02,healthy,432,117,0.9145299145299145,0.9131016042780749,1.0,0.8863636363636364,0.8529411764705882
60,36000,patient5,impaired_01,impaired,432,117,0.8547008547008547,0.8474547023295944,1.0,0.8210526315789474,0.7213114754098361
60,36000,patient5,impaired_02,impaired,432,117,0.9401709401709402,0.9399240798811684,1.0,0.9156626506024097,0.9041095890410958
60,36000,patient5,impaired_03,impaired,432,117,0.8888888888888888,0.8857142857142858,1.0,0.8571428571428571,0.8
60,36000,patient6,healthy_01,healthy,432,117,0.9487179487179487,0.9490304216331613,0.9870129870129869,0.9285714285714286,0.9315068493150686
60,36000,patient6,impaired_01,impaired,432,117,0.6581196581196581,0.5517241379310345,1.0,0.6551724137931034,0.0
60,36000,patient6,impaired_02,impaired,432,117,0.7435897435897436,0.7115384615384616,1.0,0.7115384615384616,0.4230769230769231
60,36000,patient6,impaired_03,impaired,432,117,0.6837606837606838,0.604033751800782,1.0,0.6725663716814159,0.13953488372093026
60,36000,patient6,impaired_04,impaired,432,117,0.8461538461538461,0.8393960192175705,1.0,0.8085106382978723,0.7096774193548387
60,36000,patient7,healthy_01,healthy,432,117,0.9658119658119658,0.9657894736842105,1.0,0.9500000000000001,0.9473684210526315
60,36000,patient7,healthy_02,healthy,432,117,0.9316239316239316,0.9308970099667774,1.0,0.9069767441860465,0.8857142857142858
60,36000,patient7,impaired_01,impaired,432,117,0.9829059829059829,0.9828947368421052,0.9736842105263158,0.975,1.0
60,36000,patient7,impaired_02,impaired,432,117,0.7863247863247863,0.7748081368469718,0.9600000000000001,0.7572815533980582,0.6071428571428571
60,36000,patient7,impaired_03,impaired,432,117,0.9230769230769231,0.9220389805097451,0.8695652173913044,0.896551724137931,1.0
60,36000,patient7,impaired_04,impaired,432,117,0.8717948717948718,0.8749805204924419,0.9166666666666666,0.8387096774193548,0.8695652173913044
60,36000,patient7,impaired_05,impaired,432,117,0.9829059829059829,0.9829045778412867,0.9873417721518987,0.9743589743589743,0.9870129870129869
60,36000,patient7,impaired_06,impaired,432,117,0.9572649572649573,0.9572649572649573,0.9487179487179487,0.9487179487179487,0.9743589743589743
60,36000,patient7,impaired_07,impaired,432,117,1.0,1.0,1.0,1.0,1.0
60,36000,patient7,impaired_08,impaired,432,117,0.9401709401709402,0.9396851698425849,1.0,0.9176470588235294,0.9014084507042254
60,36000,patient7,impaired_09,impaired,432,117,1.0,1.0,1.0,1.0,1.0
60,36000,patient8,healthy_01,healthy,432,117,0.8547008547008547,0.849121010411333,1.0,0.8172043010752689,0.7301587301587301
60,36000,patient8,impaired_01,impaired,432,117,0.9401709401709402,0.9408933981540196,0.9736842105263158,0.9156626506024097,0.9333333333333333
60,36000,patient8,impaired_02,impaired,432,117,0.7948717948717948,0.7734204793028322,1.0,0.7647058823529412,0.5555555555555556
60,36000,patient9,healthy_01,healthy,432,117,0.9230769230769231,0.9220389805097451,1.0,0.896551724137931,0.8695652173913044
60,36000,patient9,impaired_01,impaired,432,117,0.8290598290598291,0.8194444444444443,1.0,0.7916666666666666,0.6666666666666666
60,36000,patient9,impaired_02,impaired,432,117,0.9658119658119658,0.965721819380356,1.0,0.951219512195122,0.945945945945946
60,36000,patient9,impaired_03,impaired,432,117,0.8717948717948718,0.8668714797747056,1.0,0.8387096774193548,0.761904761904762
60,36000,patient9,impaired_04,impaired,432,117,0.7264957264957265,0.6711462450592885,1.0,0.7090909090909091,0.30434782608695654
60,36000,patient9,impaired_05,impaired,432,117,0.8034188034188035,0.7846984698469847,1.0,0.7722772277227723,0.5818181818181819
60,36000,patient9,impaired_06,impaired,432,117,0.8974358974358975,0.8949494949494948,1.0,0.8666666666666666,0.8181818181818181
60,36000,patient10,healthy_01,healthy,432,117,0.8974358974358975,0.8957219251336898,1.0,0.8636363636363635,0.8235294117647058
60,36000,patient10,healthy_02,healthy,432,117,0.9401709401709402,0.9399240798811684,1.0,0.9156626506024097,0.9041095890410958
60,36000,patient10,impaired_01,impaired,432,117,0.7606837606837606,0.7307692307692308,1.0,0.7307692307692307,0.4615384615384615
60,36000,patient10,impaired_02,impaired,432,117,0.7692307692307693,0.7378151260504202,1.0,0.7428571428571429,0.47058823529411764
60,36000,patient10,impaired_03,impaired,432,117,0.8803418803418803,0.8783422459893048,1.0,0.8409090909090908,0.7941176470588235
60,36000,patient10,impaired_04,impaired,432,117,0.7094017094017094,0.6412337662337663,1.0,0.6964285714285715,0.22727272727272727
60,36000,patient10,impaired_05,impaired,432,117,0.7606837606837606,0.7252830188679246,1.0,0.7358490566037735,0.44000000000000006
60,36000,patient10,impaired_06,impaired,432,117,0.8205128205128205,0.8064859117490698,1.0,0.787878787878788,0.631578947368421
60,36000,patient10,impaired_07,impaired,432,117,0.9145299145299145,0.9142953929539295,0.951219512195122,0.875,0.9166666666666666
60,36000,patient10,impaired_08,impaired,432,117,0.9230769230769231,0.9220389805097451,1.0,0.896551724137931,0.8695652173913044
60,36000,patient11,healthy_01,healthy,432,117,0.9658119658119658,0.9657894736842105,1.0,0.9500000000000001,0.9473684210526315
60,36000,patient11,healthy_02,healthy,432,117,0.8974358974358975,0.8977744486904414,0.9156626506024097,0.8461538461538461,0.9315068493150686
60,36000,patient11,impaired_01,impaired,432,117,0.7863247863247863,0.7618611467301704,1.0,0.7572815533980582,0.5283018867924528
60,36000,patient11,impaired_02,impaired,432,117,0.9230769230769231,0.9224097226062504,0.9870129870129869,0.9069767441860465,0.8732394366197183
60,36000,patient11,impaired_03,impaired,432,117,0.811965811965812,0.8163213275854077,0.8888888888888888,0.7659574468085106,0.7941176470588235
60,36000,patient11,impaired_04,impaired,432,117,0.9230769230769231,0.9220389805097451,1.0,0.896551724137931,0.8695652173913044
60,36000,patient12,healthy_01,healthy,432,117,0.6837606837606838,0.6244388053874683,1.0,0.6605504587155963,0.21276595744680848
60,36000,patient12,healthy_02,healthy,432,117,0.6666666666666666,0.5810402158228244,0.9870129870129869,0.6608695652173913,0.09523809523809523
60,36000,patient12,impaired_01,impaired,432,117,0.9914529914529915,0.9914515863882952,0.9873417721518987,1.0,0.9870129870129869
60,36000,patient12,impaired_02,impaired,432,117,0.8547008547008547,0.849121010411333,1.0,0.8172043010752689,0.7301587301587301
60,36000,patient12,impaired_03,impaired,432,117,0.9658119658119658,0.965721819380356,1.0,0.951219512195122,0.945945945945946
60,36000,patient12,impaired_04,impaired,432,117,0.811965811965812,0.7957142857142857,1.0,0.78,0.6071428571428571
60,36000,patient12,impaired_05,impaired,432,117,0.9743589743589743,0.9743504330446369,0.9873417721518987,0.9620253164556962,0.9736842105263158
60,36000,patient12,impaired_06,impaired,432,117,1.0,1.0,1.0,1.0,1.0
60,36000,patient12,impaired_07,impaired,432,117,0.9145299145299145,0.91449864498645,0.9,0.9268292682926831,0.9166666666666666
60,36000,patient12,impaired_08,impaired,432,117,0.7863247863247863,0.7666856608515239,0.8863636363636364,0.8235294117647058,0.5901639344262295
60,36000,patient12,impaired_09,impaired,432,117,0.8205128205128205,0.8198427763645154,0.8405797101449275,0.8351648351648352,0.7837837837837838
90,54000,patient1,healthy_01,healthy,432,117,0.9743589743589743,0.9743547591648859,1.0,0.9620253164556962,0.9610389610389611
90,54000,patient1,healthy_02,healthy,432,117,0.9658119658119658,0.965721819380356,1.0,0.951219512195122,0.945945945945946
90,54000,patient1,impaired_01,impaired,432,117,0.7521367521367521,0.7123784093076483,1.0,0.7289719626168224,0.4081632653061224
90,54000,patient1,impaired_02,impaired,432,117,0.9572649572649573,0.9570886284865491,1.0,0.9397590361445783,0.9315068493150686
90,54000,patient1,impaired_03,impaired,432,117,0.905982905982906,0.9047143095119106,1.0,0.8735632183908045,0.8405797101449275
90,54000,patient1,impaired_04,impaired,432,117,0.9658119658119658,0.965721819380356,1.0,0.951219512195122,0.945945945945946
90,54000,patient1,impaired_05,impaired,432,117,0.8803418803418803,0.8763586956521738,1.0,0.8478260869565216,0.7812500000000001
90,54000,patient1,impaired_06,impaired,432,117,0.905982905982906,0.9040751299681368,1.0,0.8764044943820225,0.835820895522388
90,54000,patient2,healthy_01,healthy,432,117,0.7948717948717948,0.7734204793028322,1.0,0.7647058823529412,0.5555555555555556
90,54000,patient2,healthy_02,healthy,432,117,0.7350427350427351,0.6853406207300411,1.0,0.7155963302752294,0.3404255319148936
90,54000,patient2,impaired_01,impaired,432,117,0.7350427350427351,0.7047078219454113,1.0,0.6990291262135923,0.4150943396226415
90,54000,patient2,impaired_02,impaired,432,117,0.6495726495726496,0.5478260869565217,1.0,0.6434782608695652,0.0
90,54000,patient2,impaired_03,impaired,432,117,0.905982905982906,0.9055949826704076,1.0,0.8674698795180724,0.8493150684931507
90,54000,patient2,impaired_04,impaired,432,117,0.8461538461538461,0.8375,1.0,0.8125000000000001,0.7000000000000001
90,54000,patient2,impaired_05,impaired,432,117,1.0,1.0,1.0,1.0,1.0
90,54000,patient2,impaired_06,impaired,432,117,0.8803418803418803,0.8763586956521738,1.0,0.8478260869565216,0.7812500000000001
90,54000,patient3,healthy_01,healthy,432,117,0.9658119658119658,0.965721819380356,1.0,0.951219512195122,0.945945945945946
90,54000,patient3,healthy_02,healthy,432,117,0.6666666666666666,0.5555555555555555,1.0,0.6666666666666666,0.0
90,54000,patient3,impaired_01,impaired,432,117,0.6495726495726496,0.5478260869565217,1.0,0.6434782608695652,0.0
90,54000,patient3,impaired_02,impaired,432,117,0.8974358974358975,0.8994422994422995,0.945945945945946,0.8666666666666666,0.8857142857142858
90,54000,patient3,impaired_03,impaired,432,117,0.8376068376068376,0.827363271011707,1.0,0.8041237113402061,0.6779661016949152
90,54000,patient3,impaired_04,impaired,432,117,0.8888888888888888,0.8857142857142858,1.0,0.8571428571428571,0.8
90,54000,patient3,impaired_05,impaired,432,117,0.9914529914529915,0.9914515863882952,1.0,0.9873417721518987,0.9870129870129869
90,54000,patient3,impaired_06,impaired,432,117,0.9401709401709402,0.9396851698425849,1.0,0.9176470588235294,0.9014084507042254
90,54000,patient4,healthy_01,healthy,432,117,0.9829059829059829,0.9828947368421054,1.0,0.9736842105263158,0.975
90,54000,patient4,healthy_02,healthy,424,117,0.8376068376068376,0.8332137093441561,0.951219512195122,0.7865168539325842,0.761904761904762
90,54000,patient4,impaired_01,impaired,432,117,0.905982905982906,0.9052195526097764,1.0,0.8705882352941177,0.8450704225352113
90,54000,patient4,impaired_02,impaired,432,117,0.9914529914529915,0.9914515863882952,1.0,0.9873417721518987,0.9870129870129869
90,54000,patient4,impaired_03,impaired,432,117,1.0,1.0,1.0,1.0,1.0
90,54000,patient4,impaired_04,impaired,432,117,0.9658119658119658,0.965721819380356,1.0,0.951219512195122,0.945945945945946
90,54000,patient4,impaired_05,impaired,432,117,0.7948717948717948,0.7790816326530612,0.975,0.7551020408163266,0.6071428571428571
90,54000,patient4,impaired_06,impaired,432,117,0.8717948717948718,0.8668714797747056,1.0,0.8387096774193548,0.761904761904762
90,54000,patient4,impaired_07,impaired,432,117,0.7350427350427351,0.692542437535762,1.0,0.7102803738317757,0.3673469387755102
90,54000,patient5,healthy_01,healthy,432,117,0.717948717948718,0.6727064657638756,1.0,0.6915887850467289,0.326530612244898
90,54000,patient5,healthy_02,healthy,432,117,0.9145299145299145,0.9131016042780749,1.0,0.8863636363636364,0.8529411764705882
90,54000,patient5,impaired_01,impaired,432,117,0.8547008547008547,0.8474547023295944,1.0,0.8210526315789474,0.7213114754098361
90,54000,patient5,impaired_02,impaired,432,117,0.9487179487179487,0.9484126984126985,1.0,0.9285714285714286,0.9166666666666666
90,54000,patient5,impaired_03,impaired,432,117,0.8888888888888888,0.8857142857142858,1.0,0.8571428571428571,0.8
90,54000,patient6,healthy_01,healthy,432,117,0.9487179487179487,0.9490304216331613,0.9870129870129869,0.9285714285714286,0.9315068493150686
90,54000,patient6,impaired_01,impaired,432,117,0.6410256410256411,0.543859649122807,1.0,0.631578947368421,0.0
90,54000,patient6,impaired_02,impaired,432,117,0.7606837606837606,0.7252830188679246,1.0,0.7358490566037735,0.44000000000000006
90,54000,patient6,impaired_03,impaired,432,117,0.6837606837606838,0.604033751800782,1.0,0.6725663716814159,0.13953488372093026
90,54000,patient6,impaired_04,impaired,432,117,0.8461538461538461,0.8393960192175705,1.0,0.8085106382978723,0.7096774193548387
90,54000,patient7,healthy_01,healthy,432,117,0.9743589743589743,0.9743209876543211,1.0,0.962962962962963,0.9600000000000001
90,54000,patient7,healthy_02,healthy,432,117,0.9316239316239316,0.9308970099667774,1.0,0.9069767441860465,0.8857142857142858
90,54000,patient7,impaired_01,impaired,432,117,0.9829059829059829,0.9828947368421052,0.9736842105263158,0.975,1.0
90,54000,patient7,impaired_02,impaired,432,117,0.7777777777777778,0.7671964224286206,0.9600000000000001,0.7450980392156863,0.5964912280701755
90,54000,patient7,impaired_03,impaired,432,117,0.9145299145299145,0.9136212624584719,0.8571428571428572,0.8837209302325582,1.0
90,54000,patient7,impaired_04,impaired,432,117,0.8717948717948718,0.8749805204924419,0.9166666666666666,0.8387096774193548,0.8695652173913044
90,54000,patient7,impaired_05,impaired,432,117,0.9914529914529915,0.9914515863882952,1.0,0.9873417721518987,0.9870129870129869
90,54000,patient7,impaired_06,impaired,432,117,0.9658119658119658,0.9658077506178772,0.9610389610389611,0.9620253164556962,0.9743589743589743
90,54000,patient7,impaired_07,impaired,432,117,0.9914529914529915,0.9914515863882952,0.9873417721518987,0.9870129870129869,1.0
90,54000,patient7,impaired_08,impaired,432,117,0.9230769230769231,0.9226582385881555,0.975,0.891566265060241,0.9014084507042254
90,54000,patient7,impaired_09,impaired,432,117,1.0,1.0,1.0,1.0,1.0
90,54000,patient8,healthy_01,healthy,432,117,0.8632478632478633,0.8572409059711736,1.0,0.8297872340425533,0.7419354838709677
90,54000,patient8,impaired_01,impaired,432,117,0.9487179487179487,0.9494005283478968,0.9736842105263158,0.9285714285714286,0.945945945945946
90,54000,patient8,impaired_02,impaired,432,117,0.7863247863247863,0.765976597659766,1.0,0.7524752475247525,0.5454545454545454
90,54000,patient9,healthy_01,healthy,432,117,0.9145299145299145,0.9136212624584719,1.0,0.8837209302325582,0.8571428571428572
90,54000,patient9,impaired_01,impaired,432,117,0.8376068376068376,0.827363271011707,1.0,0.8041237113402061,0.6779661016949152
90,54000,patient9,impaired_02,impaired,432,117,0.9572649572649573,0.9572016460905349,1.0,0.9382716049382716,0.9333333333333333
90,54000,patient9,impaired_03,impaired,432,117,0.8717948717948718,0.8668714797747056,1.0,0.8387096774193548,0.761904761904762
90,54000,patient9,impaired_04,impaired,432,117,0.7264957264957265,0.6711462450592885,1.0,0.7090909090909091,0.30434782608695654
90,54000,patient9,impaired_05,impaired,432,117,0.8034188034188035,0.7846984698469847,1.0,0.7722772277227723,0.5818181818181819
90,54000,patient9,impaired_06,impaired,432,117,0.8888888888888888,0.886634244507798,1.0,0.853932584269663,0.8059701492537313
90,54000,patient10,healthy_01,healthy,432,117,0.8974358974358975,0.8957219251336898,1.0,0.8636363636363635,0.8235294117647058
90,54000,patient10,healthy_02,healthy,432,117,0.9401709401709402,0.9399240798811684,1.0,0.9156626506024097,0.9041095890410958
90,54000,patient10,impaired_01,impaired,432,117,0.7692307692307693,0.7378151260504202,1.0,0.7428571428571429,0.47058823529411764
90,54000,patient10,impaired_02,impaired,432,117,0.7692307692307693,0.7378151260504202,1.0,0.7428571428571429,0.47058823529411764
90,54000,patient10,impaired_03,impaired,432,117,0.8888888888888888,0.886634244507798,1.0,0.853932584269663,0.8059701492537313
90,54000,patient10,impaired_04,impaired,432,117,0.7094017094017094,0.6412337662337663,1.0,0.6964285714285715,0.22727272727272727
90,54000,patient10,impaired_05,impaired,432,117,0.7606837606837606,0.7252830188679246,1.0,0.7358490566037735,0.44000000000000006
90,54000,patient10,impaired_06,impaired,432,117,0.8205128205128205,0.8064859117490698,1.0,0.787878787878788,0.631578947368421
90,54000,patient10,impaired_07,impaired,432,117,0.905982905982906,0.9053628649690347,0.951219512195122,0.8607594936708861,0.9041095890410958
90,54000,patient10,impaired_08,impaired,432,117,0.9145299145299145,0.9136212624584719,1.0,0.8837209302325582,0.8571428571428572
90,54000,patient11,healthy_01,healthy,432,117,0.9316239316239316,0.931157006440151,0.9873417721518987,0.8947368421052632,0.9113924050632911
90,54000,patient11,healthy_02,healthy,432,117,0.9230769230769231,0.9234652460679859,0.9500000000000001,0.888888888888889,0.9315068493150686
90,54000,patient11,impaired_01,impaired,432,117,0.7863247863247863,0.7618611467301704,1.0,0.7572815533980582,0.5283018867924528
90,54000,patient11,impaired_02,impaired,432,117,0.9230769230769231,0.9224097226062504,0.9870129870129869,0.9069767441860465,0.8732394366197183
90,54000,patient11,impaired_03,impaired,432,117,0.811965811965812,0.8166581977216366,0.9014084507042254,0.7659574468085106,0.7826086956521738
90,54000,patient11,impaired_04,impaired,432,117,0.9230769230769231,0.9220389805097451,1.0,0.896551724137931,0.8695652173913044
90,54000,patient12,healthy_01,healthy,432,117,0.6666666666666666,0.6131985504482167,1.0,0.6355140186915887,0.2040816326530612
90,54000,patient12,healthy_02,healthy,432,117,0.6752136752136753,0.5856625852420637,0.9870129870129869,0.6724137931034482,0.09756097560975609
90,54000,patient12,impaired_01,impaired,432,117,0.9829059829059829,0.983008658008658,0.975,0.9870129870129869,0.9870129870129869
90,54000,patient12,impaired_02,impaired,432,117,0.8632478632478633,0.8572409059711736,1.0,0.8297872340425533,0.7419354838709677
90,54000,patient12,impaired_03,impaired,432,117,0.9658119658119658,0.965721819380356,1.0,0.951219512195122,0.945945945945946
90,54000,patient12,impaired_04,impaired,432,117,0.811965811965812,0.7957142857142857,1.0,0.78,0.6071428571428571
90,54000,patient12,impaired_05,impaired,432,117,0.9829059829059829,0.9828947368421054,1.0,0.975,0.9736842105263158
90,54000,patient12,impaired_06,impaired,432,117,1.0,1.0,1.0,1.0,1.0
90,54000,patient12,impaired_07,impaired,432,117,0.905982905982906,0.9063786008230452,0.888888888888889,0.9135802469135802,0.9166666666666666
90,54000,patient12,impaired_08,impaired,432,117,0.8034188034188035,0.7823692801775795,0.8863636363636364,0.8505747126436781,0.6101694915254238
90,54000,patient12,impaired_09,impaired,432,117,0.811965811965812,0.8115258115258115,0.8285714285714285,0.8222222222222223,0.7837837837837838
120,72000,patient1,healthy_01,healthy,432,117,0.9829059829059829,0.9828947368421054,1.0,0.975,0.9736842105263158
120,72000,patient1,healthy_02,healthy,432,117,0.9658119658119658,0.965721819380356,1.0,0.951219512195122,0.945945945945946
120,72000,patient1,impaired_01,impaired,432,117,0.7521367521367521,0.7123784093076483,1.0,0.7289719626168224,0.4081632653061224
120,72000,patient1,impaired_02,impaired,432,117,0.9572649572649573,0.9570886284865491,1.0,0.9397590361445783,0.9315068493150686
120,72000,patient1,impaired_03,impaired,432,117,0.8632478632478633,0.8628872775214238,1.0,0.8048780487804877,0.7837837837837838
120,72000,patient1,impaired_04,impaired,432,117,0.9658119658119658,0.965721819380356,1.0,0.951219512195122,0.945945945945946
120,72000,patient1,impaired_05,impaired,432,117,0.8803418803418803,0.8763586956521738,1.0,0.8478260869565216,0.7812500000000001
120,72000,patient1,impaired_06,impaired,432,117,0.8974358974358975,0.8957219251336898,1.0,0.8636363636363635,0.8235294117647058
120,72000,patient2,healthy_01,healthy,432,117,0.7948717948717948,0.7734204793028322,1.0,0.7647058823529412,0.5555555555555556
120,72000,patient2,healthy_02,healthy,432,117,0.7350427350427351,0.6853406207300411,1.0,0.7155963302752294,0.3404255319148936
120,72000,patient2,impaired_01,impaired,432,117,0.7094017094017094,0.6842857142857143,1.0,0.66,0.3928571428571429
120,72000,patient2,impaired_02,impaired,432,117,0.6068376068376068,0.5272727272727272,1.0,0.5818181818181818,0.0
120,72000,patient2,impaired_03,impaired,432,117,0.9145299145299145,0.9140211640211641,1.0,0.8809523809523809,0.8611111111111112
120,72000,patient2,impaired_04,impaired,432,117,0.8376068376068376,0.8295081967213115,1.0,0.8,0.6885245901639344
120,72000,patient2,impaired_05,impaired,432,117,1.0,1.0,1.0,1.0,1.0
120,72000,patient2,impaired_06,impaired,432,117,0.8547008547008547,0.8517524735871206,1.0,0.8089887640449438,0.746268656716418
120,72000,patient3,healthy_01,healthy,432,117,0.9658119658119658,0.965721819380356,1.0,0.951219512195122,0.945945945945946
120,72000,patient3,healthy_02,healthy,432,117,0.6666666666666666,0.5555555555555555,1.0,0.6666666666666666,0.0
120,72000,patient3,impaired_01,impaired,432,117,0.6581196581196581,0.5517241379310345,1.0,0.6551724137931034,0.0
120,72000,patient3,impaired_02,impaired,432,117,0.8888888888888888,0.8910393222784424,0.945945945945946,0.853932584269663,0.8732394366197183
120,72000,patient3,impaired_03,impaired,432,117,0.8376068376068376,0.827363271011707,1.0,0.8041237113402061,0.6779661016949152
120,72000,patient3,impaired_04,impaired,432,117,0.8803418803418803,0.8774410774410774,1.0,0.8444444444444443,0.7878787878787878
120,72000,patient3,impaired_05,impaired,432,117,0.9914529914529915,0.9914515863882952,1.0,0.9873417721518987,0.9870129870129869
120,72000,patient3,impaired_06,impaired,432,117,0.9401709401709402,0.9396851698425849,1.0,0.9176470588235294,0.9014084507042254
120,72000,patient4,healthy_01,healthy,432,117,0.9914529914529915,0.9914515863882952,1.0,0.9870129870129869,0.9873417721518987
120,72000,patient4,healthy_02,healthy,424,117,0.8632478632478633,0.8586956521739131,1.0,0.8260869565217391,0.7500000000000001
120,72000,patient4,impaired_01,impaired,432,117,0.9145299145299145,0.9136212624584719,1.0,0.8837209302325582,0.8571428571428572
120,72000,patient4,impaired_02,impaired,432,117,0.9914529914529915,0.9914515863882952,1.0,0.9873417721518987,0.9870129870129869
120,72000,patient4,impaired_03,impaired,432,117,1.0,1.0,1.0,1.0,1.0
120,72000,patient4,impaired_04,impaired,432,117,0.9658119658119658,0.965721819380356,1.0,0.951219512195122,0.945945945945946
120,72000,patient4,impaired_05,impaired,432,117,0.7863247863247863,0.7707912871143111,0.962962962962963,0.7422680412371133,0.6071428571428571
120,72000,patient4,impaired_06,impaired,432,117,0.8717948717948718,0.8668714797747056,1.0,0.8387096774193548,0.761904761904762
120,72000,patient4,impaired_07,impaired,432,117,0.7435897435897436,0.6990740740740741,1.0,0.7222222222222222,0.375
120,72000,patient5,healthy_01,healthy,432,117,0.7350427350427351,0.6853406207300411,1.0,0.7155963302752294,0.3404255319148936
120,72000,patient5,healthy_02,healthy,432,117,0.9145299145299145,0.9131016042780749,1.0,0.8863636363636364,0.8529411764705882
120,72000,patient5,impaired_01,impaired,432,117,0.8547008547008547,0.8474547023295944,1.0,0.8210526315789474,0.7213114754098361
120,72000,patient5,impaired_02,impaired,432,117,0.9401709401709402,0.9399240798811684,1.0,0.9156626506024097,0.9041095890410958
120,72000,patient5,impaired_03,impaired,432,117,0.8888888888888888,0.8857142857142858,1.0,0.8571428571428571,0.8
120,72000,patient6,healthy_01,healthy,432,117,0.9487179487179487,0.9490304216331613,0.9870129870129869,0.9285714285714286,0.9315068493150686
120,72000,patient6,impaired_01,impaired,432,117,0.6666666666666666,0.5555555555555555,1.0,0.6666666666666666,0.0
120,72000,patient6,impaired_02,impaired,432,117,0.7606837606837606,0.7252830188679246,1.0,0.7358490566037735,0.44000000000000006
120,72000,patient6,impaired_03,impaired,432,117,0.6923076923076923,0.6090225563909774,1.0,0.6842105263157895,0.14285714285714288
120,72000,patient6,impaired_04,impaired,432,117,0.8547008547008547,0.8474547023295944,1.0,0.8210526315789474,0.7213114754098361
120,72000,patient7,healthy_01,healthy,432,117,0.9572649572649573,0.9572579319414762,1.0,0.9367088607594937,0.935064935064935
120,72000,patient7,healthy_02,healthy,432,117,0.9316239316239316,0.9308970099667774,1.0,0.9069767441860465,0.8857142857142858
120,72000,patient7,impaired_01,impaired,432,117,0.9743589743589743,0.9743547591648859,0.9610389610389611,0.9620253164556962,1.0
120,72000,patient7,impaired_02,impaired,432,117,0.7863247863247863,0.7748081368469718,0.9600000000000001,0.7572815533980582,0.6071428571428571
120,72000,patient7,impaired_03,impaired,432,117,0.9230769230769231,0.9220389805097451,0.8695652173913044,0.896551724137931,1.0
120,72000,patient7,impaired_04,impaired,432,117,0.8717948717948718,0.8749805204924419,0.9166666666666666,0.8387096774193548,0.8695652173913044
120,72000,patient7,impaired_05,impaired,432,117,0.9914529914529915,0.9914515863882952,1.0,0.9873417721518987,0.9870129870129869
120,72000,patient7,impaired_06,impaired,432,117,0.9572649572649573,0.9572607420708686,0.9610389610389611,0.9487179487179487,0.9620253164556962
120,72000,patient7,impaired_07,impaired,432,117,0.9914529914529915,0.9914515863882952,0.9873417721518987,0.9870129870129869,1.0
120,72000,patient7,impaired_08,impaired,432,117,0.9401709401709402,0.9396851698425849,1.0,0.9176470588235294,0.9014084507042254
120,72000,patient7,impaired_09,impaired,432,117,1.0,1.0,1.0,1.0,1.0
120,72000,patient8,healthy_01,healthy,432,117,0.8632478632478633,0.8572409059711736,1.0,0.8297872340425533,0.7419354838709677
120,72000,patient8,impaired_01,impaired,432,117,0.9487179487179487,0.9494005283478968,0.9736842105263158,0.9285714285714286,0.945945945945946
120,72000,patient8,impaired_02,impaired,432,117,0.7948717948717948,0.7734204793028322,1.0,0.7647058823529412,0.5555555555555556
120,72000,patient9,healthy_01,healthy,432,117,0.9230769230769231,0.9220389805097451,1.0,0.896551724137931,0.8695652173913044
120,72000,patient9,impaired_01,impaired,432,117,0.8376068376068376,0.827363271011707,1.0,0.8041237113402061,0.6779661016949152
120,72000,patient9,impaired_02,impaired,432,117,0.9658119658119658,0.965721819380356,1.0,0.951219512195122,0.945945945945946
120,72000,patient9,impaired_03,impaired,432,117,0.8717948717948718,0.8668714797747056,1.0,0.8387096774193548,0.761904761904762
120,72000,patient9,impaired_04,impaired,432,117,0.7264957264957265,0.6711462450592885,1.0,0.7090909090909091,0.30434782608695654
120,72000,patient9,impaired_05,impaired,432,117,0.8034188034188035,0.7846984698469847,1.0,0.7722772277227723,0.5818181818181819
120,72000,patient9,impaired_06,impaired,432,117,0.8888888888888888,0.886634244507798,1.0,0.853932584269663,0.8059701492537313
120,72000,patient10,healthy_01,healthy,432,117,0.8974358974358975,0.8957219251336898,1.0,0.8636363636363635,0.8235294117647058
120,72000,patient10,healthy_02,healthy,432,117,0.9401709401709402,0.9399240798811684,1.0,0.9156626506024097,0.9041095890410958
120,72000,patient10,impaired_01,impaired,432,117,0.7606837606837606,0.7307692307692308,1.0,0.7307692307692307,0.4615384615384615
120,72000,patient10,impaired_02,impaired,432,117,0.7692307692307693,0.7378151260504202,1.0,0.7428571428571429,0.47058823529411764
120,72000,patient10,impaired_03,impaired,432,117,0.8803418803418803,0.8783422459893048,1.0,0.8409090909090908,0.7941176470588235
120,72000,patient10,impaired_04,impaired,432,117,0.7094017094017094,0.6412337662337663,1.0,0.6964285714285715,0.22727272727272727
120,72000,patient10,impaired_05,impaired,432,117,0.7606837606837606,0.7252830188679246,1.0,0.7358490566037735,0.44000000000000006
120,72000,patient10,impaired_06,impaired,432,117,0.811965811965812,0.7987332864180154,1.0,0.7755102040816326,0.6206896551724138
120,72000,patient10,impaired_07,impaired,432,117,0.9401709401709402,0.939890363140325,0.9873417721518987,0.9156626506024097,0.9166666666666666
120,72000,patient10,impaired_08,impaired,432,117,0.9145299145299145,0.9136212624584719,1.0,0.8837209302325582,0.8571428571428572
120,72000,patient11,healthy_01,healthy,432,117,0.9658119658119658,0.9657894736842105,1.0,0.9500000000000001,0.9473684210526315
120,72000,patient11,healthy_02,healthy,432,117,0.9316239316239316,0.9319903967203363,0.9620253164556962,0.9024390243902439,0.9315068493150686
120,72000,patient11,impaired_01,impaired,432,117,0.7606837606837606,0.7400000000000001,1.0,0.7200000000000001,0.5
120,72000,patient11,impaired_02,impaired,432,117,0.9230769230769231,0.9224097226062504,0.9870129870129869,0.9069767441860465,0.8732394366197183
120,72000,patient11,impaired_03,impaired,432,117,0.8034188034188035,0.8080619188613577,0.8888888888888888,0.7526881720430108,0.7826086956521738
120,72000,patient11,impaired_04,impaired,432,117,0.9230769230769231,0.9220389805097451,1.0,0.896551724137931,0.8695652173913044
120,72000,patient12,healthy_01,healthy,432,117,0.6837606837606838,0.6244388053874683,1.0,0.6605504587155963,0.21276595744680848
120,72000,patient12,healthy_02,healthy,432,117,0.6666666666666666,0.5810402158228244,0.9870129870129869,0.6608695652173913,0.09523809523809523
120,72000,patient12,impaired_01,impaired,432,117,0.9914529914529915,0.9914515863882952,0.9873417721518987,1.0,0.9870129870129869
120,72000,patient12,impaired_02,impaired,432,117,0.8632478632478633,0.8572409059711736,1.0,0.8297872340425533,0.7419354838709677
120,72000,patient12,impaired_03,impaired,432,117,0.9658119658119658,0.965721819380356,1.0,0.951219512195122,0.945945945945946
120,72000,patient12,impaired_04,impaired,432,117,0.811965811965812,0.7957142857142857,1.0,0.78,0.6071428571428571
120,72000,patient12,impaired_05,impaired,432,117,0.9658119658119658,0.9656995606362694,0.9873417721518987,0.9487179487179487,0.9610389610389611
120,72000,patient12,impaired_06,impaired,432,117,1.0,1.0,1.0,1.0,1.0
120,72000,patient12,impaired_07,impaired,432,117,0.905982905982906,0.9063786008230452,0.888888888888889,0.9135802469135802,0.9166666666666666
120,72000,patient12,impaired_08,impaired,432,117,0.7948717948717948,0.774524312896406,0.8863636363636364,0.8372093023255814,0.6
120,72000,patient12,impaired_09,impaired,432,117,0.8205128205128205,0.8198427763645154,0.8405797101449275,0.8351648351648352,0.7837837837837838
